user_id,signup_date,age_group,country,gender,acquisition_channel
1,2026-03-19,25-34,India,Male,Organic Search
2,2025-08-06,25-34,USA,Female,Organic Search
3,2025-11-05,25-34,India,Male,Social Media
4,2025-10-17,18-24,India,Female,Social Media
5,2026-04-23,18-24,USA,Female,Organic Search
6,2026-04-01,35-44,USA,Male,Organic Search
7,2026-06-19,45+,India,Male,Organic Search
8,2025-08-28,35-44,USA,Female,Referral
9,2025-12-29,25-34,Australia,Male,Social Media
10,2025-08-07,35-44,USA,Female,Social Media
11,2025-10-16,25-34,India,Male,Organic Search
12,2026-01-28,18-24,India,Male,Organic Search
13,2025-08-06,25-34,India,Male,Organic Search
14,2025-10-08,18-24,Australia,Female,Social Media
15,2026-03-22,18-24,UK,Male,Organic Search
16,2026-02-12,45+,USA,Female,Social Media
17,2025-10-16,35-44,UK,Male,Organic Search
18,2026-02-28,18-24,India,Male,Paid Ads
19,2026-05-20,35-44,India,Female,Organic Search
20,2025-07-30,35-44,India,Male,Organic Search
21,2026-05-18,25-34,India,Female,Referral
22,2026-04-09,25-34,India,Prefer not to say,Social Media
23,2025-11-29,18-24,India,Male,Social Media
24,2025-09-22,35-44,India,Male,Organic Search
25,2026-07-13,45+,India,Non-binary,Referral
26,2025-11-28,18-24,UK,Female,Social Media
27,2025-08-30,18-24,USA,Male,Social Media
28,2025-09-01,25-34,Australia,Female,Organic Search
29,2026-06-03,25-34,India,Female,Referral
30,2026-03-05,18-24,USA,Female,Organic Search
31,2026-05-19,35-44,India,Female,Social Media
32,2026-04-21,18-24,India,Male,Paid Ads
33,2026-02-09,35-44,Canada,Male,Organic Search
34,2026-07-19,35-44,Australia,Male,Social Media
35,2025-12-13,18-24,UK,Female,Organic Search
36,2026-02-15,25-34,India,Male,Referral
37,2026-05-27,25-34,India,Female,Referral
38,2026-03-11,18-24,India,Prefer not to say,Social Media
39,2026-06-08,25-34,India,Male,Organic Search
40,2026-02-24,18-24,USA,Male,Organic Search
41,2026-04-11,18-24,USA,Male,Paid Ads
42,2025-08-13,35-44,India,Male,Social Media
43,2025-10-19,18-24,India,Female,Social Media
44,2025-11-10,25-34,UK,Female,Organic Search
45,2025-08-26,18-24,India,Male,Social Media
46,2025-10-21,25-34,USA,Prefer not to say,Organic Search
47,2025-09-02,25-34,India,Female,Organic Search
48,2025-11-06,18-24,India,Male,Organic Search
49,2026-03-17,18-24,Australia,Male,Referral
50,2025-12-08,25-34,India,Prefer not to say,Referral
51,2025-12-10,45+,Australia,Female,Organic Search
52,2025-10-12,25-34,India,Male,Organic Search
53,2025-11-02,25-34,Australia,Male,Referral
54,2026-07-05,25-34,India,Female,Paid Ads
55,2026-03-22,25-34,UK,Male,Organic Search
56,2026-03-07,45+,USA,Female,Referral
57,2025-09-28,18-24,USA,Female,Referral
58,2026-04-20,18-24,Australia,Male,Organic Search
59,2025-09-25,25-34,USA,Male,Organic Search
60,2025-12-13,35-44,India,Female,Social Media
61,2026-07-25,25-34,USA,Female,Paid Ads
62,2026-03-19,18-24,UK,Male,Organic Search
63,2026-02-16,25-34,India,Male,Referral
64,2026-04-04,18-24,India,Prefer not to say,Paid Ads
65,2026-06-01,18-24,India,Male,Paid Ads
66,2026-05-08,35-44,Canada,Male,Organic Search
67,2025-10-19,35-44,UK,Female,Paid Ads
68,2025-08-08,25-34,India,Female,Organic Search
69,2025-11-20,25-34,Australia,Male,Organic Search
70,2025-11-02,18-24,USA,Male,Social Media
71,2025-10-13,25-34,India,Female,Organic Search
72,2026-07-08,25-34,Australia,Female,Organic Search
73,2026-06-13,25-34,India,Male,Referral
74,2025-11-20,25-34,India,Female,Social Media
75,2026-03-24,25-34,India,Male,Referral
76,2025-12-19,35-44,India,Female,Social Media
77,2026-06-27,18-24,India,Male,Referral
78,2026-01-11,35-44,Canada,Female,Organic Search
79,2025-11-01,18-24,India,Female,Referral
80,2025-10-26,25-34,USA,Male,Paid Ads
81,2026-02-18,35-44,Australia,Female,Referral
82,2025-11-01,18-24,UK,Male,Paid Ads
83,2026-02-26,35-44,Canada,Female,Organic Search
84,2026-06-21,35-44,India,Female,Referral
85,2025-12-21,18-24,Canada,Male,Organic Search
86,2025-10-16,35-44,India,Male,Organic Search
87,2026-07-28,18-24,Canada,Non-binary,Organic Search
88,2026-01-30,25-34,India,Prefer not to say,Social Media
89,2025-08-30,45+,India,Non-binary,Organic Search
90,2025-08-14,45+,India,Male,Social Media
91,2025-09-06,25-34,India,Female,Social Media
92,2026-03-14,25-34,USA,Male,Referral
93,2026-05-13,18-24,Australia,Female,Referral
94,2025-12-29,25-34,USA,Male,Organic Search
95,2025-08-20,25-34,India,Male,Referral
96,2025-12-14,25-34,India,Male,Social Media
97,2026-07-27,25-34,India,Male,Social Media
98,2026-02-06,45+,USA,Female,Social Media
99,2026-07-18,18-24,India,Male,Organic Search
100,2026-06-08,25-34,USA,Female,Social Media
101,2025-08-01,25-34,India,Male,Paid Ads
102,2026-04-17,35-44,India,Male,Social Media
103,2026-04-03,25-34,India,Female,Referral
104,2026-02-09,25-34,India,Male,Organic Search
105,2025-11-02,18-24,India,Female,Organic Search
106,2026-03-19,25-34,USA,Male,Social Media
107,2025-09-06,25-34,India,Female,Organic Search
108,2026-01-03,35-44,UK,Male,Social Media
109,2026-01-10,18-24,Australia,Female,Organic Search
110,2026-07-12,18-24,Canada,Male,Referral
111,2026-06-13,25-34,Australia,Female,Paid Ads
112,2025-11-01,35-44,USA,Female,Social Media
113,2026-01-27,35-44,India,Female,Referral
114,2025-10-01,25-34,India,Male,Social Media
115,2026-06-27,35-44,India,Female,Organic Search
116,2026-06-11,18-24,India,Male,Organic Search
117,2025-11-14,25-34,India,Male,Social Media
118,2026-03-18,25-34,India,Male,Social Media
119,2026-03-07,25-34,India,Male,Paid Ads
120,2025-09-21,25-34,USA,Female,Referral
121,2026-05-03,25-34,India,Male,Referral
122,2026-02-10,35-44,Australia,Male,Referral
123,2026-05-08,25-34,USA,Male,Organic Search
124,2026-02-07,25-34,India,Male,Social Media
125,2025-07-28,25-34,India,Male,Organic Search
126,2025-11-23,25-34,India,Male,Social Media
127,2025-08-04,18-24,USA,Male,Social Media
128,2026-07-03,18-24,India,Male,Organic Search
129,2026-06-14,35-44,India,Female,Referral
130,2026-05-28,18-24,India,Male,Social Media
131,2025-11-17,45+,India,Female,Referral
132,2025-08-18,25-34,UK,Female,Organic Search
133,2026-06-14,18-24,India,Male,Social Media
134,2026-07-09,25-34,India,Female,Referral
135,2025-08-28,18-24,USA,Female,Organic Search
136,2026-01-21,35-44,Australia,Male,Organic Search
137,2025-08-22,18-24,USA,Female,Organic Search
138,2026-05-02,25-34,India,Female,Social Media
139,2026-05-04,18-24,UK,Female,Social Media
140,2025-09-12,18-24,Australia,Female,Organic Search
141,2026-01-17,25-34,India,Female,Organic Search
142,2026-02-14,35-44,Canada,Male,Paid Ads
143,2025-11-02,25-34,Canada,Female,Social Media
144,2026-06-12,25-34,Australia,Male,Referral
145,2025-12-29,25-34,India,Male,Referral
146,2025-10-13,18-24,Canada,Female,Organic Search
147,2026-02-10,35-44,India,Male,Social Media
148,2026-04-21,25-34,India,Female,Organic Search
149,2025-10-09,18-24,UK,Male,Referral
150,2025-11-19,25-34,India,Male,Paid Ads
151,2026-07-27,18-24,UK,Female,Referral
152,2026-03-22,25-34,USA,Female,Referral
153,2026-01-04,18-24,India,Female,Organic Search
154,2026-02-02,25-34,India,Female,Social Media
155,2025-09-10,25-34,India,Female,Organic Search
156,2025-10-18,18-24,India,Male,Organic Search
157,2025-11-28,25-34,UK,Male,Organic Search
158,2026-02-28,25-34,UK,Non-binary,Social Media
159,2025-10-20,18-24,India,Male,Organic Search
160,2025-10-16,18-24,India,Female,Organic Search
161,2025-08-22,45+,USA,Female,Organic Search
162,2026-03-15,35-44,India,Female,Social Media
163,2025-10-19,25-34,India,Male,Organic Search
164,2026-06-24,45+,India,Female,Social Media
165,2026-06-07,18-24,USA,Male,Organic Search
166,2025-08-22,25-34,India,Prefer not to say,Organic Search
167,2025-10-23,35-44,USA,Female,Organic Search
168,2026-03-29,25-34,India,Male,Referral
169,2025-10-14,45+,India,Female,Social Media
170,2025-09-14,25-34,Australia,Male,Organic Search
171,2026-07-05,25-34,India,Male,Organic Search
172,2026-02-22,18-24,India,Female,Organic Search
173,2026-01-16,18-24,UK,Female,Social Media
174,2026-05-11,25-34,Australia,Female,Social Media
175,2026-05-19,25-34,Australia,Male,Social Media
176,2025-10-05,25-34,Australia,Female,Organic Search
177,2025-09-01,18-24,India,Female,Social Media
178,2026-01-01,18-24,India,Female,Social Media
179,2025-12-30,45+,India,Female,Organic Search
180,2026-01-14,18-24,India,Male,Organic Search
181,2026-04-20,18-24,Australia,Female,Social Media
182,2026-03-31,45+,Australia,Female,Organic Search
183,2026-07-23,18-24,UK,Male,Social Media
184,2025-09-02,35-44,India,Female,Social Media
185,2025-12-22,25-34,India,Male,Organic Search
186,2025-11-29,25-34,Canada,Male,Social Media
187,2026-06-08,18-24,Australia,Female,Social Media
188,2025-10-27,25-34,India,Male,Paid Ads
189,2025-10-05,25-34,India,Prefer not to say,Social Media
190,2026-01-08,25-34,India,Male,Organic Search
191,2025-12-29,35-44,USA,Female,Organic Search
192,2025-11-06,25-34,Australia,Male,Social Media
193,2025-10-27,18-24,Australia,Female,Organic Search
194,2026-06-30,18-24,USA,Female,Organic Search
195,2026-01-06,45+,Australia,Male,Organic Search
196,2026-06-08,35-44,India,Female,Social Media
197,2026-02-14,18-24,Canada,Prefer not to say,Organic Search
198,2025-08-15,25-34,India,Female,Social Media
199,2026-07-28,35-44,Canada,Male,Referral
200,2026-05-29,25-34,Australia,Female,Referral
201,2026-07-17,18-24,India,Female,Paid Ads
202,2026-07-02,25-34,India,Female,Organic Search
203,2026-06-03,25-34,India,Male,Organic Search
204,2025-09-26,18-24,USA,Female,Organic Search
205,2026-01-21,35-44,India,Female,Referral
206,2025-10-14,35-44,India,Female,Referral
207,2025-12-21,45+,India,Male,Social Media
208,2025-08-18,25-34,Canada,Female,Social Media
209,2025-12-13,25-34,India,Female,Social Media
210,2026-07-23,25-34,India,Male,Paid Ads
211,2025-11-02,18-24,USA,Female,Referral
212,2026-05-10,35-44,Canada,Male,Organic Search
213,2026-01-10,25-34,UK,Female,Organic Search
214,2025-12-29,18-24,USA,Female,Paid Ads
215,2026-07-13,25-34,India,Male,Social Media
216,2026-07-27,35-44,India,Female,Paid Ads
217,2026-02-16,18-24,UK,Male,Organic Search
218,2026-04-16,18-24,India,Female,Referral
219,2025-09-22,18-24,India,Female,Social Media
220,2025-11-13,18-24,Australia,Male,Social Media
221,2026-07-17,18-24,India,Male,Referral
222,2026-02-24,35-44,USA,Male,Social Media
223,2026-02-11,18-24,USA,Female,Social Media
224,2026-04-27,18-24,Canada,Male,Organic Search
225,2025-08-17,25-34,India,Female,Social Media
226,2026-02-26,45+,India,Non-binary,Social Media
227,2026-01-28,18-24,USA,Female,Referral
228,2026-06-05,18-24,USA,Female,Paid Ads
229,2025-09-23,18-24,UK,Female,Organic Search
230,2026-07-14,25-34,USA,Female,Referral
231,2025-08-26,25-34,Canada,Female,Paid Ads
232,2025-10-04,25-34,India,Male,Social Media
233,2026-03-02,25-34,India,Male,Referral
234,2026-04-01,18-24,India,Female,Paid Ads
235,2025-10-22,25-34,Australia,Female,Organic Search
236,2025-09-09,35-44,India,Female,Referral
237,2026-06-18,18-24,India,Non-binary,Organic Search
238,2025-10-26,45+,Canada,Female,Paid Ads
239,2026-03-02,45+,Canada,Male,Referral
240,2026-03-11,18-24,India,Male,Social Media
241,2025-12-28,25-34,USA,Female,Paid Ads
242,2026-02-26,18-24,India,Male,Referral
243,2026-02-04,25-34,Australia,Male,Organic Search
244,2026-07-05,35-44,Australia,Male,Social Media
245,2025-10-10,18-24,Australia,Male,Social Media
246,2026-04-16,18-24,Canada,Male,Social Media
247,2025-10-23,25-34,UK,Female,Social Media
248,2025-12-19,25-34,India,Male,Organic Search
249,2026-03-30,25-34,India,Female,Organic Search
250,2025-11-14,25-34,India,Female,Referral
251,2025-11-20,18-24,USA,Female,Paid Ads
252,2026-04-29,25-34,India,Male,Organic Search
253,2025-08-23,35-44,India,Female,Social Media
254,2026-01-11,25-34,India,Female,Organic Search
255,2026-07-28,18-24,USA,Male,Referral
256,2026-07-27,18-24,India,Female,Organic Search
257,2025-08-23,18-24,Australia,Male,Referral
258,2025-10-14,18-24,India,Male,Organic Search
259,2025-11-02,25-34,India,Male,Referral
260,2026-07-04,18-24,India,Male,Organic Search
261,2026-06-15,25-34,India,Female,Social Media
262,2026-06-14,35-44,India,Male,Social Media
263,2025-12-10,45+,India,Female,Referral
264,2025-09-23,25-34,India,Non-binary,Organic Search
265,2026-05-29,25-34,India,Female,Social Media
266,2026-04-11,35-44,India,Male,Social Media
267,2026-03-08,18-24,India,Female,Social Media
268,2026-07-24,18-24,Australia,Female,Social Media
269,2026-03-24,25-34,India,Female,Referral
270,2025-07-30,25-34,UK,Female,Organic Search
271,2026-05-23,25-34,India,Male,Social Media
272,2025-11-14,25-34,India,Male,Social Media
273,2026-03-27,25-34,India,Female,Organic Search
274,2026-07-06,35-44,India,Male,Referral
275,2025-09-15,35-44,USA,Female,Social Media
276,2025-09-08,18-24,India,Male,Social Media
277,2025-09-05,35-44,Canada,Female,Paid Ads
278,2026-02-15,25-34,India,Female,Organic Search
279,2025-11-04,25-34,India,Male,Referral
280,2026-03-06,25-34,UK,Female,Referral
281,2026-04-16,35-44,Australia,Female,Social Media
282,2025-10-10,25-34,India,Female,Referral
283,2026-03-17,18-24,India,Female,Organic Search
284,2025-11-01,18-24,India,Female,Social Media
285,2026-01-22,25-34,India,Female,Organic Search
286,2026-06-24,25-34,India,Male,Organic Search
287,2026-06-02,25-34,UK,Female,Social Media
288,2025-08-30,18-24,India,Male,Social Media
289,2025-12-30,25-34,India,Female,Social Media
290,2025-11-06,25-34,India,Female,Organic Search
291,2025-07-29,25-34,India,Female,Social Media
292,2026-05-06,25-34,India,Male,Social Media
293,2026-03-18,18-24,India,Male,Organic Search
294,2025-10-31,18-24,India,Male,Referral
295,2026-04-25,18-24,India,Female,Social Media
296,2026-02-14,35-44,Canada,Male,Referral
297,2025-12-31,18-24,India,Female,Referral
298,2025-07-31,25-34,USA,Female,Social Media
299,2025-08-24,18-24,India,Male,Referral
300,2026-06-16,25-34,Canada,Female,Organic Search
301,2026-06-23,35-44,India,Female,Social Media
302,2026-02-12,25-34,India,Male,Organic Search
303,2026-05-29,18-24,India,Male,Social Media
304,2026-02-26,35-44,India,Female,Referral
305,2025-09-20,35-44,India,Male,Organic Search
306,2025-09-12,25-34,UK,Female,Organic Search
307,2025-11-17,35-44,India,Female,Referral
308,2026-06-22,25-34,Australia,Female,Social Media
309,2026-05-15,25-34,Canada,Female,Organic Search
310,2026-06-08,18-24,India,Male,Organic Search
311,2026-06-22,18-24,India,Male,Social Media
312,2025-10-12,18-24,Canada,Male,Referral
313,2025-10-27,35-44,USA,Female,Social Media
314,2025-09-03,25-34,UK,Female,Social Media
315,2026-05-09,35-44,USA,Male,Social Media
316,2026-06-16,18-24,India,Male,Referral
317,2025-12-23,18-24,UK,Female,Organic Search
318,2026-03-12,18-24,India,Male,Social Media
319,2025-09-22,18-24,India,Male,Social Media
320,2026-07-03,18-24,USA,Female,Social Media
321,2026-06-09,18-24,India,Female,Organic Search
322,2026-07-20,25-34,USA,Female,Referral
323,2026-05-20,18-24,USA,Male,Organic Search
324,2026-06-15,45+,USA,Male,Social Media
325,2025-08-06,45+,India,Male,Referral
326,2026-04-23,35-44,USA,Female,Referral
327,2025-11-26,25-34,India,Female,Social Media
328,2026-07-03,25-34,India,Male,Organic Search
329,2026-05-17,45+,India,Male,Organic Search
330,2026-06-09,18-24,Canada,Male,Referral
331,2026-05-20,35-44,Canada,Male,Organic Search
332,2025-11-02,35-44,India,Male,Organic Search
333,2026-05-12,35-44,UK,Female,Organic Search
334,2025-09-05,25-34,India,Female,Organic Search
335,2026-06-12,25-34,India,Female,Social Media
336,2026-06-07,25-34,India,Female,Social Media
337,2025-10-17,35-44,India,Female,Paid Ads
338,2026-05-22,25-34,India,Male,Social Media
339,2026-01-12,45+,Canada,Female,Organic Search
340,2025-11-16,18-24,USA,Female,Social Media
341,2026-05-15,18-24,Canada,Female,Organic Search
342,2025-10-19,35-44,India,Female,Organic Search
343,2025-08-05,25-34,Australia,Male,Social Media
344,2025-10-06,18-24,India,Male,Social Media
345,2025-11-25,18-24,Australia,Male,Organic Search
346,2026-06-09,45+,Canada,Female,Referral
347,2026-07-16,18-24,India,Female,Social Media
348,2025-11-07,18-24,UK,Male,Organic Search
349,2026-03-19,18-24,India,Female,Social Media
350,2025-12-21,25-34,India,Male,Organic Search
351,2026-07-22,18-24,India,Male,Referral
352,2026-02-09,25-34,India,Female,Social Media
353,2026-07-06,18-24,India,Male,Organic Search
354,2025-09-08,25-34,USA,Male,Social Media
355,2026-07-18,25-34,India,Non-binary,Organic Search
356,2025-10-01,25-34,India,Prefer not to say,Social Media
357,2026-07-15,25-34,India,Female,Paid Ads
358,2025-11-02,18-24,India,Female,Organic Search
359,2025-09-05,25-34,USA,Female,Referral
360,2026-01-03,18-24,India,Female,Referral
361,2026-04-20,18-24,UK,Male,Social Media
362,2025-11-19,25-34,Canada,Male,Referral
363,2026-03-06,25-34,India,Male,Organic Search
364,2026-01-31,18-24,Australia,Female,Paid Ads
365,2025-12-15,25-34,India,Female,Organic Search
366,2026-02-24,25-34,UK,Female,Organic Search
367,2025-10-29,18-24,India,Female,Referral
368,2026-04-13,35-44,India,Non-binary,Social Media
369,2025-07-28,25-34,Australia,Female,Referral
370,2026-07-01,25-34,India,Female,Referral
371,2026-02-10,25-34,India,Male,Social Media
372,2026-04-17,18-24,USA,Male,Social Media
373,2026-04-25,25-34,India,Female,Organic Search
374,2026-03-30,45+,India,Prefer not to say,Paid Ads
375,2025-12-08,18-24,USA,Male,Referral
376,2025-08-22,25-34,Australia,Male,Social Media
377,2026-03-28,35-44,India,Male,Referral
378,2025-11-25,25-34,India,Female,Social Media
379,2025-11-19,25-34,Australia,Male,Referral
380,2026-06-03,25-34,India,Male,Social Media
381,2026-04-17,18-24,India,Female,Social Media
382,2025-11-14,25-34,USA,Male,Organic Search
383,2025-11-18,25-34,Australia,Male,Paid Ads
384,2025-12-24,25-34,India,Female,Social Media
385,2025-12-22,35-44,India,Male,Social Media
386,2025-11-13,35-44,India,Male,Organic Search
387,2025-09-12,25-34,Canada,Female,Referral
388,2025-12-28,35-44,USA,Female,Social Media
389,2026-07-07,18-24,India,Male,Referral
390,2026-04-01,18-24,USA,Male,Referral
391,2026-06-23,25-34,USA,Male,Organic Search
392,2026-03-10,45+,UK,Female,Referral
393,2025-11-15,35-44,India,Non-binary,Social Media
394,2026-02-13,25-34,USA,Male,Referral
395,2025-07-28,35-44,USA,Male,Paid Ads
396,2025-11-10,25-34,Australia,Male,Organic Search
397,2026-01-01,18-24,India,Male,Referral
398,2026-02-25,18-24,Australia,Female,Referral
399,2026-03-24,18-24,USA,Female,Organic Search
400,2026-01-14,18-24,India,Female,Organic Search
401,2026-01-05,45+,India,Female,Referral
402,2025-10-14,25-34,Canada,Female,Referral
403,2026-01-17,18-24,India,Female,Social Media
404,2026-06-22,25-34,UK,Male,Social Media
405,2026-05-15,25-34,USA,Male,Paid Ads
406,2025-09-28,25-34,Canada,Female,Organic Search
407,2025-08-28,18-24,India,Male,Social Media
408,2026-02-01,18-24,USA,Male,Referral
409,2026-03-16,25-34,Canada,Non-binary,Organic Search
410,2025-11-27,25-34,USA,Male,Social Media
411,2026-05-23,18-24,India,Male,Organic Search
412,2026-04-28,25-34,USA,Male,Referral
413,2026-03-31,18-24,India,Female,Organic Search
414,2025-10-18,35-44,India,Female,Social Media
415,2025-10-08,18-24,India,Female,Social Media
416,2025-08-05,45+,India,Male,Organic Search
417,2025-10-25,25-34,Canada,Female,Social Media
418,2026-01-17,25-34,Canada,Male,Referral
419,2026-06-04,25-34,UK,Male,Social Media
420,2025-08-23,25-34,India,Female,Organic Search
421,2025-12-26,25-34,UK,Male,Paid Ads
422,2026-03-15,25-34,India,Non-binary,Organic Search
423,2025-10-07,35-44,India,Female,Referral
424,2026-04-08,18-24,India,Female,Organic Search
425,2026-01-24,18-24,India,Male,Social Media
426,2025-10-25,25-34,India,Male,Social Media
427,2026-03-25,18-24,Australia,Female,Organic Search
428,2025-07-30,18-24,Canada,Female,Referral
429,2026-04-28,18-24,Canada,Male,Social Media
430,2026-05-05,45+,USA,Female,Referral
431,2025-09-05,25-34,India,Male,Paid Ads
432,2025-12-30,35-44,UK,Female,Referral
433,2025-09-30,25-34,India,Female,Social Media
434,2026-07-13,35-44,India,Female,Organic Search
435,2026-02-02,45+,India,Male,Organic Search
436,2025-08-15,18-24,USA,Male,Referral
437,2025-10-27,35-44,Canada,Female,Organic Search
438,2026-06-03,18-24,India,Male,Social Media
439,2026-01-11,25-34,India,Male,Paid Ads
440,2026-05-17,18-24,India,Female,Referral
441,2026-03-29,25-34,USA,Female,Organic Search
442,2026-07-24,18-24,USA,Male,Paid Ads
443,2026-03-02,18-24,India,Male,Referral
444,2026-07-10,18-24,India,Female,Referral
445,2026-06-19,18-24,India,Female,Organic Search
446,2026-03-09,45+,Canada,Female,Referral
447,2026-04-17,18-24,India,Female,Organic Search
448,2026-01-28,25-34,India,Male,Organic Search
449,2026-05-27,25-34,Australia,Female,Organic Search
450,2026-02-13,25-34,USA,Male,Social Media
451,2026-06-21,25-34,USA,Male,Social Media
452,2026-04-26,25-34,India,Female,Organic Search
453,2026-01-17,25-34,Australia,Male,Paid Ads
454,2025-10-30,35-44,India,Male,Paid Ads
455,2025-10-26,18-24,USA,Female,Organic Search
456,2026-03-18,25-34,India,Female,Paid Ads
457,2026-05-04,35-44,India,Female,Organic Search
458,2026-02-03,35-44,Australia,Male,Social Media
459,2026-03-14,45+,Australia,Female,Referral
460,2025-11-05,18-24,USA,Male,Paid Ads
461,2025-08-25,18-24,Australia,Female,Social Media
462,2025-11-09,45+,Canada,Male,Organic Search
463,2025-11-04,18-24,India,Male,Organic Search
464,2025-11-22,18-24,UK,Female,Social Media
465,2026-02-10,35-44,India,Female,Referral
466,2025-09-16,35-44,India,Male,Social Media
467,2025-10-20,18-24,India,Male,Organic Search
468,2026-04-07,18-24,India,Female,Paid Ads
469,2026-04-12,18-24,UK,Male,Social Media
470,2025-08-20,25-34,India,Male,Organic Search
471,2025-12-24,25-34,India,Female,Referral
472,2026-02-11,18-24,India,Female,Organic Search
473,2025-12-27,25-34,India,Male,Organic Search
474,2025-10-11,25-34,USA,Male,Social Media
475,2025-12-28,25-34,India,Female,Organic Search
476,2026-06-24,18-24,UK,Female,Organic Search
477,2026-02-26,25-34,UK,Male,Social Media
478,2026-04-08,18-24,India,Female,Social Media
479,2026-06-06,18-24,India,Female,Organic Search
480,2026-05-04,18-24,USA,Male,Social Media
481,2025-12-14,35-44,India,Female,Social Media
482,2025-07-30,18-24,India,Female,Referral
483,2025-12-03,25-34,Canada,Female,Social Media
484,2026-04-29,18-24,India,Male,Paid Ads
485,2026-06-05,45+,India,Female,Organic Search
486,2026-07-11,25-34,UK,Female,Paid Ads
487,2025-12-28,25-34,India,Prefer not to say,Organic Search
488,2026-04-27,35-44,Australia,Male,Social Media
489,2026-02-12,25-34,India,Female,Organic Search
490,2026-03-05,18-24,India,Female,Referral
491,2025-10-16,18-24,India,Male,Organic Search
492,2025-10-16,25-34,India,Female,Referral
493,2026-01-03,18-24,India,Male,Paid Ads
494,2025-08-07,25-34,India,Female,Social Media
495,2025-11-28,35-44,Canada,Male,Organic Search
496,2026-04-02,18-24,India,Female,Referral
497,2025-12-22,18-24,UK,Male,Organic Search
498,2025-09-26,18-24,Canada,Male,Social Media
499,2026-01-15,18-24,Canada,Female,Organic Search
500,2025-09-12,25-34,USA,Male,Organic Search
501,2026-03-12,18-24,USA,Male,Organic Search
502,2025-08-06,18-24,Australia,Female,Paid Ads
503,2025-12-19,25-34,India,Female,Paid Ads
504,2026-02-19,45+,USA,Female,Organic Search
505,2025-08-06,25-34,India,Male,Referral
506,2026-03-20,25-34,Canada,Male,Referral
507,2025-09-15,35-44,Australia,Female,Paid Ads
508,2026-01-12,25-34,India,Male,Organic Search
509,2025-08-15,25-34,Australia,Female,Organic Search
510,2025-12-13,25-34,India,Male,Social Media
511,2025-10-13,25-34,Canada,Male,Referral
512,2025-11-24,25-34,USA,Male,Referral
513,2026-05-02,18-24,Australia,Male,Paid Ads
514,2025-12-13,45+,India,Prefer not to say,Social Media
515,2026-04-29,18-24,USA,Male,Paid Ads
516,2026-05-28,25-34,UK,Male,Social Media
517,2025-10-28,25-34,India,Female,Social Media
518,2025-08-26,18-24,Australia,Male,Referral
519,2025-08-04,35-44,India,Male,Social Media
520,2026-02-10,18-24,India,Male,Paid Ads
521,2026-07-28,25-34,India,Male,Organic Search
522,2025-12-03,25-34,Canada,Female,Social Media
523,2026-03-22,25-34,India,Female,Paid Ads
524,2026-05-09,25-34,India,Male,Referral
525,2026-03-23,18-24,UK,Female,Paid Ads
526,2026-04-30,25-34,USA,Male,Organic Search
527,2026-07-10,35-44,Australia,Female,Referral
528,2025-10-08,25-34,Canada,Male,Referral
529,2025-08-04,18-24,India,Male,Social Media
530,2025-09-21,25-34,USA,Female,Social Media
531,2025-09-12,18-24,USA,Male,Social Media
532,2026-03-30,18-24,Australia,Male,Referral
533,2026-02-19,25-34,Canada,Female,Organic Search
534,2025-10-15,18-24,India,Male,Social Media
535,2026-04-10,35-44,India,Male,Organic Search
536,2026-05-04,25-34,USA,Prefer not to say,Organic Search
537,2025-09-27,25-34,Canada,Female,Referral
538,2026-03-07,35-44,India,Male,Social Media
539,2026-04-27,18-24,India,Male,Social Media
540,2025-09-07,25-34,UK,Female,Referral
541,2026-05-23,18-24,India,Male,Organic Search
542,2026-07-16,35-44,Canada,Male,Organic Search
543,2025-09-05,18-24,Australia,Female,Social Media
544,2025-08-06,18-24,Australia,Male,Paid Ads
545,2025-11-19,25-34,UK,Female,Organic Search
546,2026-04-01,18-24,India,Male,Referral
547,2026-07-13,25-34,Canada,Male,Referral
548,2025-12-20,18-24,Australia,Female,Social Media
549,2026-04-15,45+,India,Male,Referral
550,2025-08-24,18-24,UK,Female,Organic Search
551,2026-04-06,35-44,India,Male,Paid Ads
552,2026-03-14,25-34,India,Female,Social Media
553,2025-09-03,25-34,USA,Male,Social Media
554,2026-05-06,35-44,UK,Male,Organic Search
555,2026-06-04,25-34,USA,Female,Organic Search
556,2026-03-04,18-24,India,Male,Organic Search
557,2025-09-10,18-24,India,Male,Social Media
558,2026-07-23,25-34,India,Male,Organic Search
559,2026-05-10,18-24,USA,Male,Organic Search
560,2025-12-02,18-24,India,Male,Paid Ads
561,2025-12-31,35-44,Australia,Female,Organic Search
562,2025-12-10,25-34,India,Male,Social Media
563,2026-01-29,18-24,India,Male,Social Media
564,2025-11-29,18-24,India,Male,Social Media
565,2026-06-03,25-34,India,Male,Organic Search
566,2026-05-24,45+,India,Female,Referral
567,2025-09-04,18-24,India,Female,Referral
568,2026-07-14,45+,India,Male,Paid Ads
569,2026-03-17,18-24,India,Non-binary,Paid Ads
570,2026-05-27,18-24,USA,Female,Social Media
571,2026-04-12,18-24,India,Female,Organic Search
572,2026-01-03,18-24,USA,Female,Social Media
573,2026-04-22,25-34,USA,Female,Social Media
574,2026-07-16,25-34,India,Male,Social Media
575,2025-11-03,35-44,UK,Male,Social Media
576,2026-05-19,25-34,India,Female,Referral
577,2026-02-09,35-44,India,Prefer not to say,Social Media
578,2026-01-20,25-34,India,Female,Social Media
579,2026-01-03,25-34,UK,Male,Referral
580,2026-04-21,25-34,USA,Male,Referral
581,2025-11-03,25-34,India,Female,Organic Search
582,2026-06-04,45+,USA,Male,Referral
583,2026-05-28,45+,India,Male,Organic Search
584,2025-08-28,25-34,India,Female,Social Media
585,2026-06-15,25-34,India,Female,Social Media
586,2025-10-25,25-34,India,Male,Organic Search
587,2026-01-14,25-34,Australia,Male,Paid Ads
588,2026-03-08,18-24,India,Male,Organic Search
589,2025-12-13,25-34,India,Male,Social Media
590,2025-08-07,18-24,India,Female,Organic Search
591,2026-06-04,35-44,USA,Female,Organic Search
592,2025-10-02,45+,India,Male,Organic Search
593,2025-10-13,25-34,Australia,Male,Social Media
594,2026-05-16,18-24,USA,Male,Organic Search
595,2025-11-29,25-34,India,Female,Organic Search
596,2026-06-15,25-34,India,Female,Referral
597,2026-04-10,18-24,India,Female,Organic Search
598,2025-11-06,18-24,India,Male,Referral
599,2025-07-31,25-34,USA,Female,Social Media
600,2026-07-09,25-34,India,Female,Social Media
601,2025-08-28,35-44,UK,Male,Social Media
602,2026-04-17,18-24,India,Male,Organic Search
603,2026-01-22,18-24,USA,Female,Social Media
604,2026-05-01,18-24,India,Male,Social Media
605,2026-04-06,25-34,USA,Prefer not to say,Social Media
606,2026-03-21,25-34,India,Male,Social Media
607,2026-01-23,18-24,India,Male,Organic Search
608,2026-05-14,35-44,Australia,Female,Social Media
609,2025-08-31,25-34,India,Female,Social Media
610,2025-10-17,18-24,India,Female,Organic Search
611,2026-04-07,18-24,India,Male,Social Media
612,2025-11-17,25-34,UK,Female,Organic Search
613,2026-02-25,18-24,UK,Female,Organic Search
614,2026-01-17,35-44,India,Female,Social Media
615,2026-02-07,45+,India,Female,Referral
616,2025-12-30,18-24,Australia,Male,Organic Search
617,2026-04-27,35-44,India,Prefer not to say,Referral
618,2025-11-26,18-24,Canada,Female,Organic Search
619,2026-04-11,25-34,USA,Male,Organic Search
620,2025-11-04,18-24,India,Male,Organic Search
621,2025-10-28,18-24,India,Male,Referral
622,2025-09-10,18-24,India,Female,Paid Ads
623,2025-10-06,25-34,India,Non-binary,Referral
624,2025-09-09,35-44,Australia,Female,Organic Search
625,2026-02-09,35-44,India,Female,Referral
626,2026-05-02,35-44,USA,Female,Social Media
627,2025-10-03,18-24,India,Male,Social Media
628,2025-10-15,35-44,India,Female,Organic Search
629,2026-01-21,45+,India,Female,Organic Search
630,2026-04-19,18-24,UK,Female,Referral
631,2026-07-20,25-34,USA,Male,Organic Search
632,2026-02-05,25-34,India,Male,Organic Search
633,2025-11-08,18-24,Canada,Male,Social Media
634,2025-09-02,25-34,India,Male,Social Media
635,2025-10-07,18-24,India,Female,Social Media
636,2025-10-19,18-24,Canada,Male,Organic Search
637,2025-10-01,45+,India,Female,Organic Search
638,2025-08-02,25-34,India,Female,Organic Search
639,2026-02-08,25-34,India,Male,Paid Ads
640,2025-11-05,18-24,India,Male,Social Media
641,2026-07-19,18-24,USA,Female,Organic Search
642,2026-02-15,25-34,India,Male,Social Media
643,2026-04-09,18-24,USA,Female,Paid Ads
644,2025-09-12,25-34,India,Male,Organic Search
645,2026-06-10,25-34,India,Male,Referral
646,2026-01-23,18-24,UK,Female,Organic Search
647,2026-06-12,45+,India,Female,Organic Search
648,2026-02-23,25-34,India,Female,Social Media
649,2026-01-15,18-24,India,Female,Referral
650,2026-01-05,18-24,India,Female,Social Media
651,2025-10-03,25-34,Australia,Male,Organic Search
652,2025-08-15,18-24,India,Female,Social Media
653,2026-07-07,25-34,UK,Female,Referral
654,2026-01-18,25-34,India,Female,Social Media
655,2026-05-24,25-34,India,Male,Referral
656,2025-12-21,45+,India,Male,Social Media
657,2025-08-24,25-34,India,Non-binary,Paid Ads
658,2026-03-15,45+,India,Female,Social Media
659,2025-08-16,25-34,USA,Female,Paid Ads
660,2025-09-20,35-44,India,Male,Organic Search
661,2026-02-18,18-24,India,Female,Social Media
662,2025-11-16,25-34,India,Male,Referral
663,2026-07-26,18-24,India,Female,Organic Search
664,2025-09-09,18-24,India,Male,Referral
665,2026-05-03,25-34,India,Female,Referral
666,2026-03-06,25-34,India,Female,Referral
667,2026-05-13,35-44,India,Male,Social Media
668,2025-10-18,25-34,USA,Male,Referral
669,2026-02-04,25-34,India,Female,Referral
670,2026-01-08,18-24,Australia,Female,Referral
671,2026-01-06,25-34,India,Male,Referral
672,2026-06-07,18-24,Canada,Female,Organic Search
673,2026-07-25,35-44,India,Male,Referral
674,2025-11-16,25-34,India,Male,Organic Search
675,2026-03-12,25-34,USA,Male,Organic Search
676,2026-03-08,18-24,USA,Female,Organic Search
677,2026-04-24,25-34,India,Female,Organic Search
678,2026-07-09,25-34,India,Male,Paid Ads
679,2025-10-12,35-44,USA,Female,Referral
680,2025-10-13,25-34,India,Male,Referral
681,2026-03-26,18-24,India,Male,Social Media
682,2025-09-23,35-44,India,Female,Paid Ads
683,2025-09-29,45+,India,Male,Organic Search
684,2025-08-24,35-44,India,Female,Organic Search
685,2025-07-28,18-24,USA,Male,Social Media
686,2026-01-08,25-34,USA,Female,Referral
687,2026-03-02,18-24,Australia,Female,Organic Search
688,2025-11-11,18-24,India,Male,Organic Search
689,2025-10-20,35-44,Canada,Female,Organic Search
690,2026-04-12,25-34,Canada,Female,Organic Search
691,2026-04-11,25-34,India,Female,Organic Search
692,2026-01-10,45+,UK,Male,Paid Ads
693,2026-04-05,35-44,India,Female,Organic Search
694,2026-07-01,45+,India,Male,Organic Search
695,2026-05-12,35-44,India,Female,Social Media
696,2026-03-13,45+,India,Male,Organic Search
697,2026-03-26,35-44,UK,Female,Organic Search
698,2026-07-04,18-24,India,Male,Referral
699,2025-12-30,25-34,India,Male,Social Media
700,2026-02-12,25-34,India,Non-binary,Organic Search
701,2026-03-22,18-24,India,Male,Organic Search
702,2026-06-25,25-34,Canada,Female,Organic Search
703,2026-05-26,35-44,India,Male,Organic Search
704,2025-08-23,25-34,India,Female,Organic Search
705,2025-09-26,45+,India,Male,Social Media
706,2025-11-17,25-34,India,Male,Referral
707,2026-04-28,18-24,India,Female,Paid Ads
708,2026-02-21,18-24,Canada,Male,Social Media
709,2025-11-10,25-34,USA,Male,Referral
710,2025-09-11,18-24,India,Female,Social Media
711,2026-04-06,18-24,Australia,Female,Organic Search
712,2026-04-10,18-24,India,Male,Social Media
713,2026-07-08,35-44,India,Male,Social Media
714,2026-01-27,18-24,India,Male,Organic Search
715,2026-01-24,35-44,India,Female,Organic Search
716,2025-08-26,18-24,India,Female,Organic Search
717,2025-08-11,18-24,India,Male,Referral
718,2026-01-02,25-34,USA,Female,Referral
719,2025-11-22,45+,UK,Male,Social Media
720,2025-10-27,25-34,Australia,Female,Organic Search
721,2025-08-30,18-24,India,Male,Referral
722,2026-07-15,35-44,India,Prefer not to say,Social Media
723,2026-05-29,35-44,Australia,Non-binary,Organic Search
724,2026-02-23,25-34,India,Female,Paid Ads
725,2026-07-10,18-24,Australia,Male,Referral
726,2026-07-28,35-44,India,Female,Referral
727,2026-03-31,18-24,USA,Female,Social Media
728,2025-11-03,35-44,India,Female,Paid Ads
729,2025-08-11,25-34,USA,Male,Paid Ads
730,2026-04-30,35-44,India,Male,Social Media
731,2026-01-16,18-24,India,Male,Social Media
732,2026-03-23,18-24,Australia,Male,Organic Search
733,2026-06-28,25-34,Australia,Female,Organic Search
734,2025-10-02,18-24,USA,Female,Referral
735,2026-02-27,35-44,Canada,Non-binary,Organic Search
736,2026-03-17,45+,India,Male,Organic Search
737,2026-01-23,18-24,India,Female,Referral
738,2025-08-30,45+,USA,Male,Paid Ads
739,2025-12-02,25-34,Australia,Female,Organic Search
740,2025-11-26,25-34,India,Male,Social Media
741,2026-03-30,18-24,UK,Female,Paid Ads
742,2026-06-06,25-34,Australia,Non-binary,Organic Search
743,2025-11-25,25-34,Australia,Non-binary,Organic Search
744,2026-04-07,25-34,Australia,Male,Referral
745,2025-11-10,18-24,Australia,Male,Referral
746,2026-07-08,18-24,UK,Female,Referral
747,2026-05-21,25-34,India,Male,Organic Search
748,2026-02-14,18-24,India,Male,Organic Search
749,2026-01-10,25-34,Australia,Female,Social Media
750,2025-11-20,25-34,India,Male,Social Media
751,2025-11-23,35-44,USA,Female,Organic Search
752,2026-07-18,18-24,Canada,Male,Organic Search
753,2025-12-22,45+,India,Male,Organic Search
754,2026-02-01,25-34,India,Female,Organic Search
755,2026-07-24,25-34,USA,Female,Organic Search
756,2026-03-25,45+,India,Female,Organic Search
757,2026-02-11,18-24,India,Male,Social Media
758,2025-12-26,25-34,UK,Male,Organic Search
759,2025-10-04,18-24,India,Female,Referral
760,2025-12-07,18-24,India,Male,Organic Search
761,2026-04-30,25-34,USA,Male,Organic Search
762,2026-03-13,18-24,India,Male,Referral
763,2026-05-02,18-24,India,Female,Social Media
764,2025-10-10,18-24,India,Male,Referral
765,2026-02-14,25-34,India,Male,Social Media
766,2026-07-02,18-24,India,Male,Referral
767,2026-01-04,25-34,India,Male,Social Media
768,2026-04-09,45+,USA,Female,Referral
769,2025-09-10,35-44,India,Female,Referral
770,2026-07-19,25-34,Canada,Male,Organic Search
771,2026-03-07,35-44,UK,Female,Paid Ads
772,2025-10-23,35-44,USA,Female,Organic Search
773,2025-09-23,35-44,India,Prefer not to say,Paid Ads
774,2026-02-14,35-44,India,Male,Paid Ads
775,2026-02-15,25-34,Australia,Female,Referral
776,2025-08-31,18-24,Australia,Female,Organic Search
777,2026-07-26,25-34,India,Male,Organic Search
778,2026-06-27,25-34,Canada,Female,Social Media
779,2026-01-12,25-34,India,Male,Organic Search
780,2025-09-08,25-34,UK,Female,Paid Ads
781,2026-05-28,25-34,India,Male,Social Media
782,2026-01-26,18-24,India,Male,Social Media
783,2026-04-16,25-34,India,Male,Organic Search
784,2026-01-30,25-34,USA,Male,Referral
785,2025-11-05,18-24,India,Female,Paid Ads
786,2026-05-29,35-44,India,Female,Organic Search
787,2026-07-21,18-24,India,Female,Organic Search
788,2025-10-25,35-44,India,Non-binary,Social Media
789,2026-02-14,35-44,India,Male,Social Media
790,2025-12-15,18-24,India,Female,Referral
791,2026-06-30,35-44,Canada,Female,Social Media
792,2026-01-30,18-24,India,Female,Organic Search
793,2026-06-14,35-44,Canada,Male,Organic Search
794,2026-06-09,35-44,Canada,Male,Social Media
795,2025-11-06,35-44,UK,Male,Referral
796,2026-05-13,25-34,USA,Male,Organic Search
797,2025-12-26,25-34,USA,Male,Referral
798,2026-07-04,25-34,India,Male,Referral
799,2026-01-29,25-34,USA,Male,Organic Search
800,2026-05-24,18-24,USA,Non-binary,Referral
801,2025-11-08,25-34,USA,Male,Social Media
802,2025-11-14,18-24,UK,Female,Organic Search
803,2026-02-27,35-44,USA,Female,Organic Search
804,2026-07-28,18-24,Canada,Male,Paid Ads
805,2026-01-23,25-34,India,Male,Organic Search
806,2025-09-20,18-24,India,Female,Referral
807,2026-02-10,25-34,India,Female,Social Media
808,2025-12-01,35-44,India,Female,Social Media
809,2026-02-15,18-24,India,Male,Paid Ads
810,2026-02-11,25-34,Canada,Male,Referral
811,2026-01-10,35-44,India,Male,Referral
812,2025-11-22,35-44,Canada,Female,Social Media
813,2025-10-05,25-34,USA,Female,Social Media
814,2026-04-09,45+,India,Male,Organic Search
815,2026-02-22,18-24,UK,Female,Organic Search
816,2025-10-21,25-34,India,Female,Referral
817,2026-05-07,35-44,USA,Female,Referral
818,2025-08-12,35-44,Canada,Male,Organic Search
819,2026-04-26,18-24,India,Female,Referral
820,2026-04-12,18-24,USA,Male,Organic Search
821,2026-05-20,25-34,UK,Male,Referral
822,2025-12-16,18-24,India,Male,Referral
823,2026-03-27,25-34,Canada,Female,Paid Ads
824,2026-05-24,18-24,Canada,Female,Referral
825,2026-07-21,25-34,India,Male,Referral
826,2026-01-25,18-24,India,Male,Social Media
827,2025-08-10,35-44,India,Male,Referral
828,2026-01-27,35-44,India,Female,Organic Search
829,2026-03-01,25-34,India,Male,Referral
830,2026-06-11,18-24,UK,Female,Referral
831,2026-06-12,18-24,USA,Female,Social Media
832,2026-01-05,45+,India,Male,Organic Search
833,2026-02-05,25-34,India,Male,Referral
834,2026-01-11,18-24,USA,Female,Organic Search
835,2026-04-18,25-34,India,Male,Organic Search
836,2025-12-25,25-34,India,Female,Organic Search
837,2026-03-24,18-24,UK,Female,Organic Search
838,2025-09-22,35-44,Australia,Male,Paid Ads
839,2026-01-15,25-34,India,Female,Paid Ads
840,2026-07-17,25-34,India,Female,Organic Search
841,2025-11-28,25-34,USA,Male,Organic Search
842,2026-04-07,25-34,India,Female,Organic Search
843,2026-03-22,25-34,India,Prefer not to say,Social Media
844,2026-06-04,25-34,India,Female,Social Media
845,2026-06-04,25-34,India,Male,Organic Search
846,2026-06-07,25-34,USA,Male,Social Media
847,2025-12-14,25-34,India,Female,Organic Search
848,2025-11-20,35-44,India,Female,Organic Search
849,2026-04-17,18-24,India,Male,Organic Search
850,2026-05-01,18-24,India,Male,Referral
851,2026-06-12,18-24,India,Female,Organic Search
852,2025-08-10,45+,India,Male,Social Media
853,2025-08-22,35-44,Canada,Female,Organic Search
854,2026-03-16,18-24,India,Female,Organic Search
855,2026-06-30,18-24,India,Prefer not to say,Organic Search
856,2026-07-28,25-34,India,Male,Organic Search
857,2026-04-27,18-24,Canada,Male,Referral
858,2026-01-02,18-24,UK,Male,Referral
859,2025-09-02,25-34,India,Male,Social Media
860,2026-03-16,25-34,Canada,Male,Referral
861,2026-06-12,18-24,India,Non-binary,Organic Search
862,2026-01-06,25-34,Canada,Female,Social Media
863,2026-04-08,35-44,India,Female,Organic Search
864,2026-06-23,45+,India,Male,Social Media
865,2025-08-13,35-44,USA,Male,Organic Search
866,2026-05-15,25-34,India,Female,Referral
867,2025-11-12,45+,India,Female,Organic Search
868,2025-12-12,25-34,India,Male,Organic Search
869,2025-09-19,25-34,USA,Female,Social Media
870,2026-02-07,25-34,Australia,Female,Organic Search
871,2026-02-20,25-34,UK,Male,Social Media
872,2026-05-14,18-24,India,Female,Organic Search
873,2025-09-28,35-44,USA,Prefer not to say,Organic Search
874,2025-08-25,25-34,India,Female,Referral
875,2026-06-11,35-44,India,Female,Organic Search
876,2026-03-11,45+,India,Male,Social Media
877,2025-10-24,25-34,India,Male,Referral
878,2026-06-27,25-34,Canada,Male,Organic Search
879,2025-09-18,25-34,USA,Male,Social Media
880,2026-01-12,25-34,India,Male,Social Media
881,2025-10-28,25-34,India,Female,Organic Search
882,2025-10-29,25-34,Australia,Male,Organic Search
883,2025-07-31,18-24,India,Female,Social Media
884,2026-05-18,25-34,USA,Female,Organic Search
885,2026-06-22,35-44,India,Male,Referral
886,2026-04-02,45+,India,Female,Referral
887,2025-09-23,18-24,India,Male,Referral
888,2026-01-05,25-34,India,Female,Organic Search
889,2025-12-01,45+,India,Male,Referral
890,2026-02-28,25-34,India,Male,Paid Ads
891,2026-03-18,35-44,USA,Female,Social Media
892,2025-12-30,25-34,Australia,Male,Social Media
893,2025-10-27,25-34,India,Female,Referral
894,2026-06-02,25-34,India,Female,Organic Search
895,2025-10-08,25-34,UK,Male,Organic Search
896,2025-12-15,25-34,Canada,Female,Organic Search
897,2026-01-20,45+,Australia,Female,Organic Search
898,2025-10-22,45+,Australia,Male,Organic Search
899,2026-02-22,25-34,UK,Female,Organic Search
900,2026-02-23,25-34,Canada,Female,Paid Ads
901,2026-07-26,25-34,India,Female,Organic Search
902,2025-11-13,18-24,USA,Prefer not to say,Social Media
903,2026-07-20,45+,India,Female,Organic Search
904,2026-03-25,18-24,India,Female,Social Media
905,2025-11-05,25-34,India,Female,Referral
906,2026-02-20,18-24,Canada,Female,Social Media
907,2026-04-05,18-24,India,Female,Organic Search
908,2026-04-26,35-44,India,Male,Organic Search
909,2025-08-14,35-44,USA,Male,Referral
910,2026-03-06,18-24,Canada,Male,Referral
911,2026-01-25,25-34,Canada,Female,Social Media
912,2026-06-23,18-24,UK,Female,Organic Search
913,2025-11-09,25-34,Australia,Male,Paid Ads
914,2026-05-16,45+,India,Female,Organic Search
915,2026-03-07,18-24,USA,Female,Referral
916,2025-12-03,35-44,Australia,Female,Social Media
917,2026-03-18,35-44,India,Female,Referral
918,2026-03-12,45+,India,Male,Social Media
919,2026-04-02,18-24,India,Female,Organic Search
920,2026-04-17,25-34,USA,Male,Social Media
921,2026-03-26,18-24,India,Female,Organic Search
922,2026-05-30,18-24,India,Male,Paid Ads
923,2026-03-14,25-34,USA,Female,Social Media
924,2026-06-23,25-34,UK,Male,Organic Search
925,2026-03-21,18-24,India,Female,Social Media
926,2025-11-18,25-34,India,Male,Organic Search
927,2026-01-05,18-24,India,Male,Referral
928,2026-02-25,25-34,Australia,Female,Paid Ads
929,2026-04-22,18-24,USA,Male,Paid Ads
930,2025-08-29,25-34,USA,Female,Social Media
931,2025-11-13,18-24,Australia,Female,Organic Search
932,2026-04-27,25-34,India,Female,Referral
933,2025-09-30,25-34,Canada,Male,Organic Search
934,2025-09-14,35-44,India,Female,Paid Ads
935,2026-02-10,18-24,Australia,Female,Organic Search
936,2026-07-18,18-24,USA,Female,Referral
937,2026-02-07,25-34,India,Female,Referral
938,2026-06-27,45+,UK,Female,Paid Ads
939,2026-05-27,25-34,India,Male,Organic Search
940,2025-10-30,18-24,India,Female,Social Media
941,2026-05-25,25-34,India,Male,Organic Search
942,2026-01-20,25-34,India,Male,Social Media
943,2026-05-19,25-34,USA,Female,Referral
944,2026-04-27,25-34,UK,Male,Paid Ads
945,2025-11-28,18-24,UK,Male,Organic Search
946,2025-09-08,35-44,India,Male,Social Media
947,2026-07-15,25-34,India,Male,Organic Search
948,2025-09-17,35-44,India,Non-binary,Organic Search
949,2026-07-16,25-34,Australia,Female,Referral
950,2026-06-07,25-34,Australia,Female,Social Media
951,2026-04-19,18-24,India,Female,Social Media
952,2026-07-21,45+,India,Female,Paid Ads
953,2026-07-17,18-24,India,Female,Social Media
954,2026-05-18,18-24,India,Female,Organic Search
955,2025-12-08,18-24,UK,Female,Referral
956,2026-05-13,45+,Australia,Male,Social Media
957,2025-08-02,18-24,India,Male,Referral
958,2026-02-09,25-34,India,Male,Social Media
959,2026-01-10,18-24,USA,Female,Organic Search
960,2026-03-31,25-34,USA,Male,Social Media
961,2026-03-31,25-34,India,Male,Social Media
962,2026-02-26,18-24,India,Male,Referral
963,2026-05-25,25-34,Canada,Male,Referral
964,2026-07-07,35-44,India,Male,Organic Search
965,2025-09-05,25-34,India,Female,Referral
966,2025-10-21,35-44,India,Female,Organic Search
967,2025-08-06,35-44,India,Male,Organic Search
968,2026-06-16,25-34,India,Female,Social Media
969,2026-02-18,25-34,Australia,Female,Social Media
970,2026-06-27,45+,India,Female,Organic Search
971,2025-10-17,18-24,UK,Female,Organic Search
972,2025-08-20,25-34,India,Male,Social Media
973,2026-05-25,25-34,Canada,Female,Social Media
974,2026-06-25,18-24,India,Male,Organic Search
975,2025-11-15,45+,USA,Non-binary,Referral
976,2025-12-24,25-34,India,Male,Social Media
977,2025-09-17,18-24,India,Male,Organic Search
978,2026-07-09,35-44,India,Male,Social Media
979,2025-11-16,18-24,Australia,Male,Referral
980,2026-01-24,25-34,Canada,Female,Organic Search
981,2025-09-01,25-34,India,Female,Organic Search
982,2026-06-17,25-34,Canada,Female,Organic Search
983,2025-09-15,35-44,India,Male,Referral
984,2026-01-10,25-34,India,Female,Social Media
985,2026-03-30,18-24,India,Male,Social Media
986,2026-04-25,18-24,India,Male,Referral
987,2026-07-09,18-24,India,Female,Referral
988,2025-12-28,25-34,India,Male,Organic Search
989,2026-04-25,35-44,India,Male,Social Media
990,2025-09-22,18-24,USA,Male,Social Media
991,2025-12-26,18-24,India,Male,Paid Ads
992,2025-09-02,25-34,USA,Male,Referral
993,2026-01-23,25-34,India,Male,Social Media
994,2025-12-24,45+,Canada,Male,Referral
995,2026-07-11,25-34,UK,Female,Organic Search
996,2025-08-08,25-34,India,Female,Organic Search
997,2025-12-10,25-34,USA,Male,Organic Search
998,2026-01-06,18-24,India,Female,Social Media
999,2026-07-10,25-34,India,Male,Social Media
1000,2026-06-06,25-34,India,Female,Social Media
1001,2025-09-02,18-24,India,Male,Social Media
1002,2026-04-04,35-44,Canada,Female,Social Media
1003,2026-02-12,25-34,India,Male,Social Media
1004,2026-07-20,18-24,Canada,Female,Organic Search
1005,2025-12-06,25-34,UK,Female,Social Media
1006,2025-12-20,18-24,India,Male,Organic Search
1007,2025-10-05,35-44,India,Female,Social Media
1008,2025-09-10,18-24,UK,Female,Social Media
1009,2026-06-03,18-24,India,Female,Social Media
1010,2026-01-10,18-24,India,Male,Social Media
1011,2026-03-27,18-24,Canada,Male,Organic Search
1012,2026-03-19,18-24,USA,Female,Social Media
1013,2026-03-03,35-44,India,Male,Social Media
1014,2025-08-04,18-24,India,Male,Referral
1015,2026-05-11,25-34,Canada,Female,Referral
1016,2025-10-25,25-34,USA,Male,Organic Search
1017,2025-09-12,25-34,India,Female,Social Media
1018,2026-02-19,25-34,India,Non-binary,Organic Search
1019,2025-08-22,18-24,India,Female,Social Media
1020,2026-05-04,18-24,India,Male,Organic Search
1021,2025-10-11,25-34,Australia,Female,Social Media
1022,2025-10-15,25-34,USA,Female,Referral
1023,2026-06-11,25-34,India,Male,Social Media
1024,2025-11-25,35-44,India,Male,Social Media
1025,2025-09-20,25-34,India,Male,Organic Search
1026,2026-06-22,18-24,India,Male,Paid Ads
1027,2025-07-29,35-44,India,Male,Social Media
1028,2026-06-07,25-34,UK,Male,Organic Search
1029,2025-09-18,18-24,Canada,Female,Organic Search
1030,2025-09-13,45+,India,Female,Organic Search
1031,2025-10-27,35-44,USA,Male,Social Media
1032,2025-09-29,18-24,India,Male,Paid Ads
1033,2026-03-26,35-44,Australia,Female,Referral
1034,2025-08-06,25-34,USA,Non-binary,Social Media
1035,2025-08-02,35-44,UK,Non-binary,Social Media
1036,2026-05-13,25-34,USA,Male,Organic Search
1037,2025-10-23,18-24,USA,Prefer not to say,Social Media
1038,2025-11-23,18-24,India,Female,Social Media
1039,2025-09-29,18-24,Canada,Male,Organic Search
1040,2025-08-16,25-34,Canada,Male,Paid Ads
1041,2026-04-25,25-34,India,Female,Organic Search
1042,2026-02-05,45+,USA,Female,Social Media
1043,2026-04-26,18-24,UK,Female,Organic Search
1044,2026-01-18,18-24,India,Female,Organic Search
1045,2026-05-08,18-24,Australia,Female,Social Media
1046,2026-01-31,25-34,UK,Female,Organic Search
1047,2025-09-05,25-34,USA,Female,Paid Ads
1048,2026-01-28,35-44,Canada,Female,Paid Ads
1049,2026-07-09,35-44,India,Male,Social Media
1050,2025-08-12,18-24,UK,Male,Social Media
1051,2026-05-10,25-34,India,Female,Organic Search
1052,2026-06-10,45+,USA,Male,Social Media
1053,2026-02-03,18-24,India,Female,Organic Search
1054,2026-01-11,25-34,India,Female,Organic Search
1055,2026-07-15,25-34,USA,Male,Social Media
1056,2025-08-19,18-24,UK,Male,Referral
1057,2026-01-19,18-24,India,Male,Social Media
1058,2025-12-21,18-24,India,Male,Organic Search
1059,2026-04-05,25-34,India,Male,Paid Ads
1060,2026-01-23,18-24,Canada,Male,Social Media
1061,2026-06-25,45+,Canada,Female,Referral
1062,2025-08-23,35-44,India,Female,Social Media
1063,2025-08-26,25-34,USA,Male,Referral
1064,2026-03-07,25-34,USA,Male,Organic Search
1065,2025-08-21,25-34,USA,Female,Organic Search
1066,2025-11-05,18-24,India,Female,Paid Ads
1067,2026-03-16,18-24,USA,Female,Organic Search
1068,2026-02-13,35-44,India,Female,Social Media
1069,2025-11-24,25-34,Canada,Male,Organic Search
1070,2026-07-27,25-34,India,Male,Referral
1071,2026-02-07,18-24,USA,Female,Referral
1072,2026-01-10,18-24,India,Male,Organic Search
1073,2026-03-06,18-24,India,Female,Organic Search
1074,2025-09-02,25-34,Canada,Male,Social Media
1075,2026-04-10,45+,India,Male,Organic Search
1076,2026-06-05,25-34,USA,Female,Referral
1077,2026-03-23,18-24,India,Male,Organic Search
1078,2026-05-05,35-44,India,Male,Organic Search
1079,2026-04-17,35-44,India,Male,Organic Search
1080,2025-10-14,25-34,Canada,Male,Organic Search
1081,2026-01-09,18-24,USA,Male,Referral
1082,2025-10-19,18-24,USA,Female,Organic Search
1083,2025-11-29,25-34,Australia,Female,Organic Search
1084,2026-01-09,25-34,Australia,Female,Organic Search
1085,2025-12-27,25-34,USA,Female,Social Media
1086,2025-08-31,25-34,USA,Male,Organic Search
1087,2025-12-31,25-34,Canada,Male,Organic Search
1088,2026-03-28,18-24,India,Male,Referral
1089,2025-12-11,35-44,India,Male,Organic Search
1090,2025-09-21,35-44,Australia,Male,Organic Search
1091,2026-06-30,25-34,India,Male,Organic Search
1092,2025-08-21,25-34,India,Female,Organic Search
1093,2026-05-28,18-24,UK,Male,Organic Search
1094,2025-08-31,18-24,India,Male,Referral
1095,2025-09-01,35-44,Canada,Female,Organic Search
1096,2026-04-24,25-34,Canada,Male,Referral
1097,2026-05-21,18-24,India,Female,Social Media
1098,2026-02-16,18-24,USA,Male,Organic Search
1099,2026-02-27,18-24,India,Male,Organic Search
1100,2026-02-18,18-24,UK,Female,Organic Search
1101,2025-11-25,18-24,India,Male,Organic Search
1102,2025-09-10,35-44,Australia,Male,Referral
1103,2025-12-04,18-24,Canada,Female,Organic Search
1104,2026-03-28,35-44,India,Male,Organic Search
1105,2026-04-28,35-44,Canada,Female,Organic Search
1106,2026-06-10,35-44,India,Female,Social Media
1107,2026-04-17,25-34,India,Male,Referral
1108,2026-07-17,25-34,Australia,Male,Social Media
1109,2026-03-04,18-24,India,Female,Organic Search
1110,2025-12-03,45+,India,Male,Social Media
1111,2026-02-24,18-24,Canada,Female,Organic Search
1112,2025-10-13,18-24,USA,Male,Organic Search
1113,2026-03-25,18-24,India,Female,Organic Search
1114,2025-10-18,18-24,UK,Male,Social Media
1115,2025-09-05,25-34,India,Male,Organic Search
1116,2026-06-02,25-34,Australia,Prefer not to say,Social Media
1117,2025-12-09,18-24,USA,Female,Referral
1118,2026-05-03,18-24,India,Prefer not to say,Referral
1119,2026-02-23,35-44,Canada,Male,Organic Search
1120,2026-05-19,25-34,India,Male,Referral
1121,2026-06-02,25-34,India,Male,Social Media
1122,2026-07-19,18-24,India,Male,Referral
1123,2026-05-23,18-24,Canada,Female,Social Media
1124,2026-03-09,18-24,India,Male,Organic Search
1125,2026-03-20,25-34,India,Female,Organic Search
1126,2025-08-06,18-24,India,Female,Referral
1127,2026-07-03,18-24,UK,Female,Social Media
1128,2026-05-27,25-34,India,Female,Social Media
1129,2025-11-02,25-34,India,Female,Organic Search
1130,2025-10-02,25-34,India,Female,Organic Search
1131,2026-04-11,35-44,India,Female,Organic Search
1132,2025-11-18,25-34,Canada,Female,Social Media
1133,2025-11-29,25-34,India,Male,Social Media
1134,2025-07-30,18-24,Australia,Male,Social Media
1135,2026-06-11,35-44,India,Female,Organic Search
1136,2026-02-20,25-34,Australia,Male,Organic Search
1137,2025-12-21,25-34,Canada,Male,Organic Search
1138,2025-09-17,18-24,India,Female,Paid Ads
1139,2026-03-16,18-24,UK,Female,Organic Search
1140,2025-08-08,25-34,India,Female,Organic Search
1141,2026-04-27,25-34,India,Male,Social Media
1142,2025-10-14,25-34,India,Female,Referral
1143,2025-12-28,18-24,India,Male,Organic Search
1144,2025-11-29,18-24,Australia,Male,Organic Search
1145,2025-12-10,18-24,Australia,Male,Organic Search
1146,2026-04-18,35-44,India,Female,Social Media
1147,2026-05-08,25-34,India,Female,Paid Ads
1148,2026-02-20,18-24,Australia,Male,Organic Search
1149,2025-08-28,25-34,Australia,Female,Social Media
1150,2025-08-16,45+,India,Male,Organic Search
1151,2025-09-23,35-44,India,Female,Social Media
1152,2026-03-11,18-24,USA,Female,Paid Ads
1153,2026-03-31,18-24,India,Male,Organic Search
1154,2025-11-04,25-34,USA,Male,Referral
1155,2026-03-27,18-24,India,Female,Referral
1156,2026-01-21,25-34,UK,Male,Referral
1157,2026-01-05,25-34,USA,Female,Social Media
1158,2025-11-04,18-24,UK,Female,Organic Search
1159,2026-04-30,18-24,UK,Male,Referral
1160,2025-09-07,25-34,Canada,Female,Organic Search
1161,2026-01-01,25-34,USA,Male,Referral
1162,2025-11-08,25-34,India,Male,Social Media
1163,2026-04-02,18-24,India,Male,Organic Search
1164,2026-01-22,25-34,India,Male,Social Media
1165,2026-03-29,25-34,India,Male,Organic Search
1166,2025-08-13,18-24,India,Female,Organic Search
1167,2025-12-19,25-34,India,Female,Referral
1168,2026-03-04,18-24,India,Female,Social Media
1169,2025-07-30,25-34,India,Female,Referral
1170,2025-11-15,18-24,India,Female,Organic Search
1171,2025-10-13,35-44,India,Female,Social Media
1172,2025-09-16,18-24,India,Female,Organic Search
1173,2025-10-29,18-24,Australia,Female,Paid Ads
1174,2025-11-25,25-34,India,Male,Referral
1175,2025-07-30,18-24,India,Female,Referral
1176,2026-04-27,18-24,India,Female,Paid Ads
1177,2025-09-30,35-44,Canada,Male,Social Media
1178,2025-12-14,18-24,India,Male,Organic Search
1179,2026-04-11,25-34,India,Female,Organic Search
1180,2026-01-27,25-34,UK,Male,Social Media
1181,2026-05-29,18-24,USA,Female,Organic Search
1182,2026-05-19,18-24,India,Female,Social Media
1183,2025-08-23,18-24,USA,Male,Organic Search
1184,2026-06-08,18-24,Canada,Female,Referral
1185,2025-08-12,18-24,Canada,Female,Organic Search
1186,2025-08-03,25-34,Australia,Male,Organic Search
1187,2026-06-30,35-44,India,Male,Social Media
1188,2026-06-08,25-34,Australia,Male,Organic Search
1189,2026-02-23,25-34,India,Male,Organic Search
1190,2026-02-22,18-24,India,Female,Organic Search
1191,2026-04-13,45+,India,Female,Social Media
1192,2025-12-27,35-44,Canada,Female,Organic Search
1193,2025-09-08,25-34,India,Male,Referral
1194,2025-08-04,25-34,India,Male,Paid Ads
1195,2025-11-23,25-34,USA,Male,Organic Search
1196,2026-05-17,18-24,Australia,Female,Organic Search
1197,2026-03-11,25-34,India,Male,Social Media
1198,2026-05-28,35-44,Canada,Male,Referral
1199,2026-06-29,25-34,India,Prefer not to say,Paid Ads
1200,2025-08-29,18-24,Australia,Female,Organic Search
1201,2026-06-02,25-34,Australia,Male,Organic Search
1202,2025-10-25,35-44,UK,Female,Referral
1203,2026-02-28,25-34,India,Male,Paid Ads
1204,2026-02-04,35-44,Australia,Male,Referral
1205,2025-12-19,18-24,India,Female,Social Media
1206,2025-11-18,18-24,USA,Male,Organic Search
1207,2025-11-29,25-34,India,Female,Social Media
1208,2025-11-26,25-34,USA,Female,Organic Search
1209,2025-09-27,35-44,India,Male,Organic Search
1210,2026-01-30,18-24,UK,Male,Organic Search
1211,2025-09-07,25-34,UK,Prefer not to say,Referral
1212,2026-01-30,18-24,Australia,Prefer not to say,Referral
1213,2026-06-24,25-34,India,Male,Organic Search
1214,2025-12-02,25-34,India,Female,Organic Search
1215,2026-04-20,18-24,USA,Female,Social Media
1216,2026-05-23,25-34,Canada,Female,Social Media
1217,2026-05-22,25-34,Canada,Male,Paid Ads
1218,2025-10-22,25-34,India,Female,Social Media
1219,2025-09-19,25-34,USA,Male,Organic Search
1220,2025-10-08,25-34,India,Female,Social Media
1221,2026-03-05,25-34,USA,Male,Social Media
1222,2026-05-02,18-24,Canada,Male,Referral
1223,2026-03-24,18-24,UK,Female,Social Media
1224,2025-09-30,18-24,India,Male,Organic Search
1225,2026-05-06,25-34,UK,Male,Social Media
1226,2026-01-24,18-24,USA,Female,Referral
1227,2026-04-30,25-34,India,Male,Social Media
1228,2026-05-02,25-34,India,Male,Referral
1229,2026-01-08,25-34,Australia,Male,Organic Search
1230,2026-07-01,35-44,Australia,Female,Social Media
1231,2026-02-19,18-24,Canada,Male,Referral
1232,2026-03-17,25-34,India,Female,Social Media
1233,2026-03-13,25-34,India,Male,Organic Search
1234,2026-06-09,25-34,India,Male,Referral
1235,2026-03-14,25-34,India,Female,Organic Search
1236,2025-09-21,25-34,India,Male,Organic Search
1237,2025-08-21,25-34,India,Female,Social Media
1238,2026-01-05,25-34,Canada,Male,Organic Search
1239,2025-11-15,25-34,India,Female,Social Media
1240,2025-11-05,35-44,India,Female,Organic Search
1241,2025-08-17,25-34,India,Female,Social Media
1242,2026-01-29,25-34,USA,Female,Organic Search
1243,2025-11-18,25-34,USA,Female,Organic Search
1244,2026-01-09,18-24,India,Male,Organic Search
1245,2025-08-17,25-34,USA,Male,Organic Search
1246,2026-05-28,25-34,India,Female,Social Media
1247,2025-08-25,25-34,USA,Male,Referral
1248,2026-06-09,25-34,Australia,Female,Social Media
1249,2026-06-06,45+,Australia,Male,Social Media
1250,2026-03-10,18-24,India,Prefer not to say,Organic Search
1251,2026-01-29,18-24,USA,Female,Social Media
1252,2026-01-13,25-34,India,Female,Referral
1253,2026-02-15,45+,India,Male,Social Media
1254,2026-05-13,18-24,Canada,Female,Paid Ads
1255,2026-06-20,25-34,India,Female,Social Media
1256,2026-01-08,18-24,India,Male,Referral
1257,2026-05-20,18-24,India,Male,Organic Search
1258,2026-03-23,25-34,India,Female,Social Media
1259,2025-11-22,18-24,India,Male,Organic Search
1260,2026-01-18,25-34,Australia,Female,Social Media
1261,2025-09-21,25-34,USA,Female,Social Media
1262,2025-08-19,18-24,UK,Male,Referral
1263,2025-09-03,35-44,India,Female,Organic Search
1264,2026-06-22,25-34,India,Female,Referral
1265,2025-11-30,35-44,India,Non-binary,Organic Search
1266,2026-04-15,18-24,Australia,Female,Referral
1267,2026-01-28,25-34,India,Female,Referral
1268,2025-09-29,35-44,UK,Male,Organic Search
1269,2025-10-26,25-34,India,Male,Social Media
1270,2026-01-04,45+,India,Male,Organic Search
1271,2026-01-04,35-44,UK,Female,Social Media
1272,2026-02-04,18-24,India,Female,Organic Search
1273,2025-09-24,35-44,UK,Female,Referral
1274,2025-12-11,18-24,Canada,Female,Paid Ads
1275,2025-11-08,25-34,India,Female,Social Media
1276,2025-12-24,25-34,India,Male,Paid Ads
1277,2025-11-28,25-34,USA,Male,Social Media
1278,2026-03-03,18-24,India,Female,Organic Search
1279,2026-05-12,25-34,India,Female,Organic Search
1280,2026-03-21,18-24,India,Male,Social Media
1281,2025-08-21,18-24,India,Male,Organic Search
1282,2025-08-31,25-34,India,Male,Organic Search
1283,2026-04-02,18-24,India,Female,Organic Search
1284,2025-11-08,18-24,India,Female,Organic Search
1285,2026-04-18,25-34,India,Male,Social Media
1286,2026-03-25,18-24,India,Male,Organic Search
1287,2026-06-24,25-34,USA,Female,Social Media
1288,2026-06-12,25-34,India,Female,Referral
1289,2025-11-27,25-34,India,Non-binary,Referral
1290,2026-02-26,25-34,India,Female,Paid Ads
1291,2025-09-17,25-34,India,Female,Referral
1292,2025-12-03,25-34,India,Male,Referral
1293,2026-07-17,25-34,Australia,Male,Social Media
1294,2026-04-09,25-34,UK,Female,Social Media
1295,2025-12-18,18-24,India,Male,Social Media
1296,2026-03-02,18-24,UK,Female,Organic Search
1297,2026-07-06,18-24,Canada,Female,Organic Search
1298,2025-11-18,25-34,UK,Female,Social Media
1299,2025-12-12,25-34,USA,Female,Paid Ads
1300,2026-05-13,25-34,India,Female,Social Media
1301,2026-05-21,35-44,India,Female,Social Media
1302,2026-03-30,18-24,USA,Male,Paid Ads
1303,2026-05-27,25-34,India,Female,Social Media
1304,2026-04-24,25-34,Canada,Male,Paid Ads
1305,2026-04-04,18-24,India,Female,Referral
1306,2026-02-05,25-34,India,Female,Organic Search
1307,2026-03-21,35-44,Canada,Female,Social Media
1308,2025-12-29,18-24,India,Male,Social Media
1309,2025-12-07,25-34,USA,Male,Social Media
1310,2025-12-07,18-24,USA,Female,Organic Search
1311,2025-10-01,45+,India,Prefer not to say,Organic Search
1312,2025-10-14,18-24,India,Prefer not to say,Social Media
1313,2026-07-09,18-24,India,Male,Social Media
1314,2026-01-21,18-24,UK,Female,Organic Search
1315,2025-10-18,35-44,Canada,Male,Referral
1316,2025-09-16,25-34,India,Male,Organic Search
1317,2025-08-25,25-34,USA,Male,Organic Search
1318,2026-06-02,25-34,Australia,Female,Organic Search
1319,2025-09-03,45+,USA,Male,Organic Search
1320,2026-05-06,18-24,UK,Female,Social Media
1321,2026-05-29,45+,India,Female,Social Media
1322,2026-06-16,25-34,UK,Female,Social Media
1323,2025-08-10,18-24,India,Female,Social Media
1324,2025-11-28,25-34,India,Female,Social Media
1325,2026-05-04,35-44,India,Female,Social Media
1326,2025-09-13,25-34,India,Non-binary,Social Media
1327,2025-12-12,25-34,India,Female,Social Media
1328,2025-09-25,18-24,UK,Prefer not to say,Paid Ads
1329,2026-05-28,35-44,India,Male,Referral
1330,2026-05-06,18-24,India,Female,Paid Ads
1331,2026-05-20,18-24,USA,Female,Organic Search
1332,2025-09-26,18-24,India,Female,Social Media
1333,2026-01-04,25-34,India,Female,Social Media
1334,2025-12-25,45+,UK,Male,Organic Search
1335,2026-04-01,35-44,UK,Female,Social Media
1336,2025-10-22,18-24,India,Male,Organic Search
1337,2026-01-06,45+,Canada,Female,Organic Search
1338,2025-11-09,18-24,India,Female,Organic Search
1339,2026-04-27,18-24,India,Female,Organic Search
1340,2026-01-08,18-24,India,Female,Organic Search
1341,2026-02-08,25-34,Canada,Male,Referral
1342,2025-11-18,25-34,UK,Female,Organic Search
1343,2026-05-19,18-24,India,Female,Organic Search
1344,2026-01-15,25-34,Australia,Female,Organic Search
1345,2026-05-29,25-34,USA,Male,Referral
1346,2025-12-09,18-24,USA,Female,Organic Search
1347,2026-07-09,18-24,India,Male,Referral
1348,2026-07-23,35-44,India,Male,Referral
1349,2026-01-12,25-34,India,Female,Organic Search
1350,2025-11-08,35-44,India,Female,Paid Ads
1351,2025-12-14,25-34,India,Female,Social Media
1352,2026-02-06,45+,India,Female,Referral
1353,2026-07-16,18-24,India,Male,Social Media
1354,2026-05-22,25-34,UK,Female,Referral
1355,2026-05-17,25-34,India,Male,Social Media
1356,2025-09-16,18-24,India,Female,Referral
1357,2025-10-27,18-24,India,Male,Social Media
1358,2026-03-19,18-24,India,Male,Organic Search
1359,2026-06-12,18-24,Australia,Female,Referral
1360,2026-02-15,45+,USA,Female,Organic Search
1361,2025-09-03,35-44,India,Female,Referral
1362,2026-06-02,25-34,Australia,Female,Social Media
1363,2026-06-04,18-24,India,Female,Social Media
1364,2025-11-09,35-44,India,Male,Paid Ads
1365,2026-05-03,35-44,India,Male,Organic Search
1366,2025-11-04,35-44,India,Male,Organic Search
1367,2026-06-24,45+,India,Male,Social Media
1368,2025-09-19,35-44,USA,Male,Social Media
1369,2026-01-04,18-24,UK,Male,Social Media
1370,2026-07-09,35-44,UK,Male,Organic Search
1371,2025-10-17,25-34,India,Male,Referral
1372,2026-01-09,18-24,USA,Female,Social Media
1373,2025-12-02,18-24,UK,Female,Social Media
1374,2025-08-06,25-34,Australia,Female,Social Media
1375,2025-08-16,35-44,UK,Female,Social Media
1376,2026-01-27,18-24,Australia,Female,Social Media
1377,2025-10-22,25-34,Australia,Male,Social Media
1378,2026-07-26,25-34,USA,Female,Organic Search
1379,2025-12-12,25-34,Australia,Male,Social Media
1380,2025-08-07,35-44,USA,Male,Organic Search
1381,2026-07-03,25-34,India,Female,Referral
1382,2026-05-31,25-34,India,Male,Social Media
1383,2026-03-22,25-34,India,Male,Referral
1384,2026-05-13,25-34,India,Male,Social Media
1385,2025-09-16,18-24,India,Female,Social Media
1386,2025-11-09,45+,India,Male,Referral
1387,2026-05-27,18-24,India,Female,Social Media
1388,2026-04-08,25-34,USA,Female,Organic Search
1389,2025-09-16,25-34,Australia,Male,Organic Search
1390,2026-04-12,25-34,India,Female,Organic Search
1391,2026-01-08,25-34,India,Male,Organic Search
1392,2025-07-29,18-24,UK,Male,Organic Search
1393,2025-08-25,25-34,Canada,Male,Social Media
1394,2025-10-29,35-44,India,Female,Social Media
1395,2026-05-29,35-44,Australia,Female,Organic Search
1396,2026-02-13,45+,USA,Male,Referral
1397,2026-04-20,35-44,UK,Female,Organic Search
1398,2026-02-06,18-24,India,Male,Social Media
1399,2025-09-06,25-34,India,Female,Organic Search
1400,2025-11-10,18-24,Canada,Female,Referral
1401,2025-11-15,18-24,India,Male,Organic Search
1402,2025-08-14,18-24,USA,Female,Social Media
1403,2025-12-28,35-44,UK,Female,Organic Search
1404,2026-05-14,25-34,India,Male,Paid Ads
1405,2026-01-11,25-34,India,Male,Social Media
1406,2025-09-06,45+,USA,Female,Organic Search
1407,2026-06-24,18-24,India,Male,Social Media
1408,2026-03-03,18-24,India,Female,Social Media
1409,2025-08-03,18-24,UK,Female,Organic Search
1410,2026-02-01,18-24,UK,Female,Paid Ads
1411,2025-10-24,25-34,India,Female,Organic Search
1412,2025-09-18,25-34,India,Male,Organic Search
1413,2026-01-01,35-44,UK,Male,Referral
1414,2026-03-10,35-44,India,Female,Social Media
1415,2025-10-24,18-24,Canada,Female,Social Media
1416,2025-12-27,18-24,India,Female,Organic Search
1417,2026-03-28,35-44,India,Male,Referral
1418,2025-08-28,35-44,India,Male,Social Media
1419,2026-07-19,25-34,Canada,Male,Paid Ads
1420,2025-08-21,25-34,India,Male,Referral
1421,2026-02-05,25-34,Australia,Male,Organic Search
1422,2026-01-29,25-34,India,Male,Referral
1423,2026-07-24,25-34,India,Male,Referral
1424,2026-02-15,25-34,UK,Female,Social Media
1425,2025-12-17,18-24,Australia,Female,Organic Search
1426,2026-01-16,35-44,India,Prefer not to say,Social Media
1427,2026-03-17,35-44,India,Female,Referral
1428,2026-07-22,18-24,India,Female,Referral
1429,2025-10-28,25-34,India,Female,Organic Search
1430,2025-08-02,45+,India,Male,Referral
1431,2026-05-12,18-24,India,Male,Referral
1432,2025-12-01,35-44,India,Male,Social Media
1433,2026-04-22,18-24,UK,Female,Organic Search
1434,2026-03-14,18-24,USA,Male,Social Media
1435,2026-05-06,18-24,UK,Female,Referral
1436,2026-04-23,18-24,India,Female,Referral
1437,2025-11-26,25-34,UK,Male,Social Media
1438,2025-08-13,25-34,Canada,Male,Referral
1439,2026-02-12,18-24,India,Male,Organic Search
1440,2026-05-21,45+,India,Female,Referral
1441,2025-09-30,18-24,Canada,Female,Organic Search
1442,2026-05-09,45+,USA,Female,Organic Search
1443,2026-01-14,25-34,USA,Male,Organic Search
1444,2026-04-08,25-34,India,Female,Organic Search
1445,2026-03-16,45+,India,Male,Social Media
1446,2026-05-21,45+,USA,Female,Organic Search
1447,2025-08-20,25-34,India,Male,Organic Search
1448,2026-05-08,25-34,India,Male,Organic Search
1449,2026-01-11,25-34,India,Male,Referral
1450,2025-11-12,25-34,India,Male,Social Media
1451,2025-08-13,35-44,Australia,Female,Paid Ads
1452,2025-10-09,18-24,Canada,Male,Organic Search
1453,2025-08-12,35-44,India,Female,Organic Search
1454,2026-07-04,18-24,USA,Female,Referral
1455,2026-02-01,25-34,USA,Male,Paid Ads
1456,2026-07-25,25-34,India,Male,Social Media
1457,2026-02-11,25-34,India,Male,Referral
1458,2025-10-28,18-24,Australia,Female,Social Media
1459,2026-04-29,18-24,USA,Male,Social Media
1460,2025-10-05,25-34,Canada,Male,Organic Search
1461,2025-12-05,18-24,UK,Male,Organic Search
1462,2026-05-09,25-34,Australia,Female,Organic Search
1463,2026-06-09,25-34,India,Male,Paid Ads
1464,2025-11-26,25-34,India,Non-binary,Referral
1465,2025-09-11,25-34,USA,Male,Organic Search
1466,2025-12-09,18-24,India,Male,Organic Search
1467,2026-06-18,18-24,USA,Male,Organic Search
1468,2026-04-26,18-24,India,Female,Organic Search
1469,2026-06-20,18-24,Australia,Male,Social Media
1470,2025-12-16,18-24,India,Male,Organic Search
1471,2026-07-19,25-34,Australia,Male,Referral
1472,2026-01-25,25-34,India,Female,Paid Ads
1473,2026-01-26,25-34,India,Female,Paid Ads
1474,2026-07-01,25-34,USA,Female,Paid Ads
1475,2026-02-03,18-24,USA,Male,Social Media
1476,2026-05-17,35-44,India,Male,Organic Search
1477,2026-04-20,25-34,USA,Male,Paid Ads
1478,2025-08-25,18-24,India,Female,Social Media
1479,2026-03-05,25-34,India,Female,Organic Search
1480,2026-05-24,18-24,USA,Female,Paid Ads
1481,2026-02-12,25-34,India,Female,Organic Search
1482,2025-11-22,25-34,India,Male,Paid Ads
1483,2025-08-26,35-44,India,Female,Social Media
1484,2026-03-26,45+,Canada,Male,Referral
1485,2025-11-17,45+,India,Female,Organic Search
1486,2026-03-05,25-34,India,Male,Social Media
1487,2025-12-30,35-44,Australia,Male,Paid Ads
1488,2026-04-06,35-44,India,Male,Paid Ads
1489,2025-12-03,25-34,USA,Female,Referral
1490,2025-08-12,18-24,India,Male,Social Media
1491,2026-06-11,18-24,Canada,Female,Organic Search
1492,2025-12-04,25-34,India,Male,Organic Search
1493,2026-07-28,18-24,Australia,Female,Social Media
1494,2025-11-05,25-34,Canada,Male,Social Media
1495,2026-07-21,25-34,India,Male,Organic Search
1496,2026-07-09,45+,India,Female,Social Media
1497,2025-08-24,25-34,Canada,Female,Social Media
1498,2026-03-18,25-34,India,Female,Social Media
1499,2025-12-07,35-44,India,Male,Organic Search
1500,2026-05-17,35-44,India,Male,Organic Search
1501,2026-04-02,25-34,Australia,Male,Organic Search
1502,2026-07-11,25-34,Australia,Female,Referral
1503,2025-09-18,18-24,India,Female,Social Media
1504,2026-03-07,35-44,Canada,Female,Organic Search
1505,2026-05-09,25-34,USA,Male,Social Media
1506,2025-08-09,35-44,India,Female,Organic Search
1507,2025-08-21,25-34,India,Female,Organic Search
1508,2026-05-08,18-24,India,Male,Referral
1509,2025-12-09,25-34,Canada,Female,Social Media
1510,2025-12-15,25-34,UK,Male,Social Media
1511,2026-02-20,18-24,Canada,Female,Social Media
1512,2026-03-06,18-24,India,Female,Referral
1513,2026-04-02,25-34,UK,Male,Referral
1514,2026-07-10,18-24,Canada,Male,Referral
1515,2025-12-11,18-24,India,Male,Organic Search
1516,2026-05-03,18-24,USA,Female,Organic Search
1517,2026-02-23,35-44,UK,Male,Organic Search
1518,2026-02-06,35-44,India,Male,Organic Search
1519,2025-12-20,18-24,India,Female,Referral
1520,2026-03-22,35-44,Australia,Male,Paid Ads
1521,2025-10-27,18-24,India,Male,Referral
1522,2025-09-07,45+,Australia,Male,Organic Search
1523,2026-04-23,25-34,UK,Male,Social Media
1524,2026-01-26,18-24,USA,Male,Organic Search
1525,2025-12-16,18-24,India,Female,Social Media
1526,2026-02-18,45+,India,Male,Social Media
1527,2025-10-31,25-34,India,Female,Social Media
1528,2025-10-31,45+,India,Male,Organic Search
1529,2026-01-07,18-24,India,Male,Paid Ads
1530,2026-07-27,18-24,India,Male,Referral
1531,2025-11-09,25-34,USA,Male,Organic Search
1532,2026-06-28,18-24,India,Female,Organic Search
1533,2026-01-23,45+,India,Female,Organic Search
1534,2025-09-10,35-44,India,Male,Referral
1535,2026-06-05,25-34,USA,Male,Paid Ads
1536,2026-01-09,25-34,India,Male,Social Media
1537,2026-06-21,18-24,India,Male,Social Media
1538,2026-01-06,18-24,Australia,Non-binary,Organic Search
1539,2025-08-29,45+,India,Female,Paid Ads
1540,2026-04-03,18-24,Canada,Female,Organic Search
1541,2026-06-02,25-34,USA,Male,Referral
1542,2025-11-21,25-34,India,Male,Social Media
1543,2025-12-02,25-34,India,Male,Referral
1544,2025-08-20,18-24,India,Female,Social Media
1545,2026-02-11,18-24,India,Male,Organic Search
1546,2026-06-19,25-34,Australia,Male,Social Media
1547,2026-06-04,18-24,USA,Male,Organic Search
1548,2026-04-14,35-44,UK,Female,Organic Search
1549,2026-07-02,25-34,India,Male,Organic Search
1550,2026-03-18,35-44,India,Female,Organic Search
1551,2026-05-14,25-34,Australia,Male,Organic Search
1552,2026-01-30,25-34,India,Male,Social Media
1553,2025-09-10,35-44,India,Female,Social Media
1554,2025-10-09,18-24,UK,Female,Organic Search
1555,2025-09-16,25-34,USA,Female,Social Media
1556,2026-05-13,25-34,Canada,Female,Organic Search
1557,2025-08-06,25-34,Australia,Female,Organic Search
1558,2026-02-15,45+,India,Male,Organic Search
1559,2025-12-10,35-44,India,Female,Organic Search
1560,2026-05-18,35-44,India,Male,Organic Search
1561,2026-02-14,25-34,India,Female,Organic Search
1562,2026-03-08,25-34,USA,Female,Organic Search
1563,2025-08-28,18-24,India,Male,Organic Search
1564,2025-11-18,25-34,Canada,Female,Paid Ads
1565,2026-07-28,18-24,USA,Female,Paid Ads
1566,2026-04-17,25-34,India,Female,Referral
1567,2026-02-05,18-24,USA,Male,Social Media
1568,2026-05-05,35-44,India,Female,Organic Search
1569,2026-05-25,25-34,India,Female,Referral
1570,2025-08-23,35-44,India,Male,Organic Search
1571,2026-07-18,45+,India,Male,Referral
1572,2026-03-20,18-24,Canada,Male,Organic Search
1573,2026-01-08,18-24,Canada,Male,Organic Search
1574,2026-04-02,35-44,USA,Male,Referral
1575,2025-12-01,25-34,India,Male,Social Media
1576,2026-06-14,25-34,India,Female,Organic Search
1577,2026-05-09,18-24,UK,Female,Social Media
1578,2026-03-19,18-24,Australia,Female,Social Media
1579,2025-10-02,45+,India,Female,Referral
1580,2026-07-16,25-34,USA,Female,Social Media
1581,2026-01-02,25-34,India,Male,Social Media
1582,2026-06-26,18-24,India,Male,Referral
1583,2025-08-17,18-24,India,Male,Referral
1584,2025-09-11,25-34,India,Female,Social Media
1585,2025-09-22,18-24,India,Male,Referral
1586,2025-09-26,25-34,USA,Male,Social Media
1587,2025-11-23,18-24,India,Male,Organic Search
1588,2026-04-13,35-44,USA,Male,Referral
1589,2025-12-01,45+,India,Male,Referral
1590,2026-07-07,18-24,USA,Female,Paid Ads
1591,2026-06-20,25-34,India,Female,Organic Search
1592,2026-06-02,45+,UK,Male,Organic Search
1593,2025-10-27,25-34,Australia,Female,Referral
1594,2026-03-17,45+,Australia,Male,Referral
1595,2026-02-14,18-24,India,Female,Organic Search
1596,2025-09-11,25-34,India,Female,Organic Search
1597,2025-11-15,25-34,India,Male,Paid Ads
1598,2026-02-08,25-34,India,Female,Social Media
1599,2026-01-27,25-34,Australia,Male,Social Media
1600,2025-09-27,25-34,Australia,Female,Paid Ads
1601,2026-07-07,25-34,UK,Female,Organic Search
1602,2025-09-22,45+,USA,Female,Social Media
1603,2026-03-26,45+,USA,Female,Organic Search
1604,2026-04-17,25-34,India,Female,Organic Search
1605,2026-03-06,35-44,India,Female,Referral
1606,2026-06-01,25-34,Australia,Male,Paid Ads
1607,2026-02-19,18-24,India,Female,Organic Search
1608,2026-05-26,18-24,Canada,Female,Social Media
1609,2025-08-07,35-44,UK,Male,Organic Search
1610,2025-08-13,35-44,Canada,Female,Social Media
1611,2026-03-19,25-34,Canada,Female,Referral
1612,2026-02-24,35-44,Canada,Female,Social Media
1613,2026-03-23,25-34,USA,Female,Referral
1614,2026-05-04,25-34,India,Male,Social Media
1615,2025-12-27,25-34,UK,Male,Social Media
1616,2026-03-18,25-34,India,Male,Organic Search
1617,2026-01-26,25-34,Australia,Female,Referral
1618,2026-03-14,35-44,USA,Female,Organic Search
1619,2025-11-11,25-34,UK,Male,Social Media
1620,2026-07-13,35-44,UK,Male,Social Media
1621,2026-01-20,18-24,Canada,Female,Referral
1622,2026-05-18,18-24,Australia,Female,Social Media
1623,2026-04-04,25-34,Australia,Non-binary,Organic Search
1624,2025-11-13,25-34,India,Male,Social Media
1625,2025-08-23,18-24,India,Male,Paid Ads
1626,2025-08-18,18-24,UK,Male,Paid Ads
1627,2026-01-04,25-34,USA,Male,Referral
1628,2026-01-21,18-24,Canada,Female,Organic Search
1629,2025-10-10,25-34,India,Female,Social Media
1630,2026-03-07,45+,India,Female,Social Media
1631,2025-11-19,25-34,India,Male,Organic Search
1632,2026-04-16,25-34,Australia,Male,Social Media
1633,2026-04-22,25-34,India,Male,Organic Search
1634,2026-06-08,25-34,USA,Female,Referral
1635,2026-07-19,25-34,India,Male,Organic Search
1636,2025-09-13,18-24,India,Female,Paid Ads
1637,2025-12-10,45+,Australia,Female,Referral
1638,2026-02-18,18-24,India,Female,Organic Search
1639,2025-11-21,25-34,India,Non-binary,Social Media
1640,2026-01-14,25-34,India,Female,Paid Ads
1641,2025-11-02,35-44,India,Male,Social Media
1642,2025-10-26,18-24,India,Male,Organic Search
1643,2025-09-01,35-44,Canada,Female,Paid Ads
1644,2025-11-11,18-24,Canada,Female,Referral
1645,2025-12-15,18-24,India,Female,Organic Search
1646,2026-03-10,45+,UK,Male,Referral
1647,2025-10-26,25-34,UK,Male,Organic Search
1648,2026-06-09,18-24,India,Male,Referral
1649,2025-09-24,25-34,Australia,Female,Organic Search
1650,2025-11-24,25-34,UK,Female,Social Media
1651,2026-02-24,35-44,Canada,Male,Organic Search
1652,2025-11-19,35-44,India,Male,Social Media
1653,2026-05-03,18-24,Canada,Female,Social Media
1654,2026-01-26,45+,India,Female,Social Media
1655,2026-02-01,18-24,UK,Female,Referral
1656,2026-01-26,18-24,USA,Female,Organic Search
1657,2025-11-17,25-34,Australia,Female,Organic Search
1658,2025-08-05,18-24,Canada,Female,Social Media
1659,2026-07-08,45+,USA,Male,Paid Ads
1660,2026-01-28,25-34,Australia,Male,Referral
1661,2026-07-16,25-34,Australia,Female,Organic Search
1662,2025-10-14,18-24,USA,Male,Organic Search
1663,2025-12-04,18-24,Australia,Male,Organic Search
1664,2025-08-15,18-24,Australia,Female,Organic Search
1665,2026-01-25,35-44,India,Female,Organic Search
1666,2026-06-15,35-44,USA,Male,Social Media
1667,2026-03-24,25-34,Canada,Male,Social Media
1668,2026-01-16,18-24,USA,Female,Social Media
1669,2026-02-09,25-34,Canada,Male,Social Media
1670,2026-06-03,25-34,UK,Female,Social Media
1671,2026-01-01,25-34,India,Male,Organic Search
1672,2026-06-15,25-34,India,Female,Organic Search
1673,2026-04-20,25-34,USA,Female,Organic Search
1674,2026-05-03,25-34,Australia,Male,Organic Search
1675,2025-12-08,18-24,Australia,Female,Social Media
1676,2025-12-21,18-24,India,Male,Organic Search
1677,2026-02-21,18-24,India,Male,Social Media
1678,2025-10-07,25-34,India,Male,Organic Search
1679,2026-02-15,25-34,India,Female,Organic Search
1680,2025-08-23,18-24,India,Male,Referral
1681,2026-01-28,18-24,USA,Male,Social Media
1682,2026-05-03,25-34,India,Non-binary,Referral
1683,2025-11-07,18-24,India,Female,Social Media
1684,2026-07-25,35-44,India,Female,Organic Search
1685,2026-04-03,18-24,India,Male,Social Media
1686,2025-09-09,35-44,Australia,Female,Social Media
1687,2026-07-19,25-34,Australia,Male,Social Media
1688,2025-12-19,25-34,India,Male,Organic Search
1689,2026-05-14,18-24,India,Male,Paid Ads
1690,2025-11-29,35-44,India,Female,Social Media
1691,2026-07-06,25-34,USA,Female,Organic Search
1692,2026-04-30,18-24,India,Male,Organic Search
1693,2025-10-08,18-24,India,Female,Paid Ads
1694,2026-01-30,25-34,Canada,Female,Organic Search
1695,2026-01-27,25-34,Canada,Male,Organic Search
1696,2025-08-13,25-34,UK,Non-binary,Referral
1697,2025-09-16,25-34,USA,Female,Organic Search
1698,2025-11-26,25-34,India,Female,Social Media
1699,2026-01-17,25-34,Canada,Female,Referral
1700,2026-01-11,25-34,India,Male,Organic Search
1701,2026-03-06,35-44,India,Male,Social Media
1702,2026-02-01,45+,India,Female,Organic Search
1703,2025-11-25,18-24,India,Male,Organic Search
1704,2026-03-09,18-24,Australia,Male,Social Media
1705,2025-09-25,35-44,USA,Male,Organic Search
1706,2026-07-25,25-34,Australia,Female,Social Media
1707,2026-04-24,25-34,UK,Female,Referral
1708,2025-11-14,25-34,India,Female,Social Media
1709,2025-11-28,18-24,India,Female,Organic Search
1710,2026-05-27,25-34,Australia,Male,Organic Search
1711,2026-02-07,18-24,India,Female,Organic Search
1712,2026-04-13,18-24,Canada,Female,Organic Search
1713,2025-11-14,18-24,India,Female,Organic Search
1714,2026-05-22,18-24,India,Male,Organic Search
1715,2025-12-09,18-24,Canada,Male,Organic Search
1716,2026-03-31,25-34,India,Female,Referral
1717,2026-07-21,35-44,India,Male,Referral
1718,2026-02-26,18-24,India,Female,Referral
1719,2026-05-15,45+,Canada,Male,Organic Search
1720,2026-04-19,25-34,Canada,Female,Organic Search
1721,2026-04-05,18-24,India,Female,Referral
1722,2025-08-06,18-24,USA,Male,Organic Search
1723,2026-01-17,35-44,India,Male,Referral
1724,2026-07-16,18-24,Canada,Male,Social Media
1725,2026-05-10,18-24,India,Female,Organic Search
1726,2026-05-08,25-34,India,Female,Social Media
1727,2026-02-24,18-24,Canada,Male,Social Media
1728,2026-04-18,25-34,Canada,Female,Organic Search
1729,2026-02-26,18-24,India,Male,Referral
1730,2025-09-28,45+,India,Male,Paid Ads
1731,2026-03-15,18-24,India,Female,Social Media
1732,2026-03-11,25-34,Australia,Male,Social Media
1733,2026-05-31,25-34,USA,Female,Organic Search
1734,2025-09-20,25-34,USA,Female,Organic Search
1735,2026-04-03,25-34,Australia,Male,Organic Search
1736,2025-08-08,25-34,Australia,Female,Social Media
1737,2026-07-10,18-24,India,Female,Social Media
1738,2025-09-06,25-34,Canada,Female,Social Media
1739,2025-08-03,18-24,India,Male,Organic Search
1740,2025-11-19,25-34,UK,Male,Paid Ads
1741,2025-09-21,18-24,India,Female,Social Media
1742,2026-04-06,35-44,India,Male,Referral
1743,2025-12-25,25-34,India,Female,Referral
1744,2026-05-07,45+,India,Male,Organic Search
1745,2026-06-29,25-34,India,Male,Social Media
1746,2026-06-12,18-24,India,Female,Social Media
1747,2026-04-23,45+,Canada,Prefer not to say,Social Media
1748,2025-08-19,35-44,USA,Female,Social Media
1749,2025-09-16,25-34,India,Female,Referral
1750,2025-10-11,25-34,UK,Female,Organic Search
1751,2025-11-23,18-24,USA,Female,Organic Search
1752,2026-03-27,18-24,UK,Female,Organic Search
1753,2026-02-05,18-24,Canada,Male,Social Media
1754,2025-11-19,25-34,India,Female,Social Media
1755,2025-09-29,25-34,India,Female,Social Media
1756,2026-06-26,25-34,Australia,Female,Paid Ads
1757,2025-11-30,35-44,India,Male,Referral
1758,2025-12-04,18-24,UK,Female,Organic Search
1759,2026-05-06,18-24,India,Female,Paid Ads
1760,2026-04-17,25-34,Australia,Female,Social Media
1761,2026-03-20,18-24,USA,Male,Organic Search
1762,2026-04-07,25-34,Australia,Male,Social Media
1763,2026-03-08,35-44,India,Female,Organic Search
1764,2025-10-06,35-44,Canada,Male,Referral
1765,2025-10-26,25-34,India,Male,Referral
1766,2026-02-17,25-34,USA,Female,Paid Ads
1767,2025-10-18,35-44,India,Female,Social Media
1768,2026-07-19,35-44,India,Male,Social Media
1769,2025-11-13,25-34,Canada,Male,Referral
1770,2025-11-10,25-34,India,Male,Organic Search
1771,2025-10-11,25-34,Australia,Female,Referral
1772,2026-04-12,25-34,Canada,Female,Social Media
1773,2025-11-21,35-44,UK,Female,Organic Search
1774,2025-12-02,25-34,India,Female,Social Media
1775,2026-07-04,18-24,USA,Male,Social Media
1776,2026-05-15,35-44,India,Female,Organic Search
1777,2025-11-05,18-24,UK,Male,Referral
1778,2025-09-10,35-44,India,Female,Social Media
1779,2026-04-01,25-34,India,Female,Organic Search
1780,2025-12-13,25-34,India,Female,Organic Search
1781,2026-07-21,18-24,India,Male,Organic Search
1782,2026-05-23,18-24,India,Male,Organic Search
1783,2026-07-12,25-34,India,Female,Organic Search
1784,2026-05-18,18-24,India,Male,Organic Search
1785,2025-11-11,25-34,India,Male,Referral
1786,2025-11-10,18-24,India,Female,Social Media
1787,2026-04-15,25-34,UK,Male,Organic Search
1788,2025-12-01,18-24,India,Male,Social Media
1789,2026-01-05,25-34,India,Female,Organic Search
1790,2025-10-29,45+,USA,Male,Social Media
1791,2026-01-19,35-44,India,Male,Organic Search
1792,2025-10-09,25-34,India,Non-binary,Organic Search
1793,2026-02-10,45+,UK,Female,Social Media
1794,2026-07-04,35-44,India,Male,Social Media
1795,2026-04-08,35-44,India,Non-binary,Organic Search
1796,2025-09-16,45+,India,Female,Referral
1797,2026-03-10,25-34,India,Female,Social Media
1798,2026-02-27,25-34,India,Female,Social Media
1799,2025-10-24,18-24,India,Male,Organic Search
1800,2026-03-30,25-34,India,Male,Social Media
1801,2026-02-07,45+,India,Female,Organic Search
1802,2026-03-18,18-24,UK,Male,Organic Search
1803,2025-08-16,45+,India,Male,Social Media
1804,2025-12-26,18-24,USA,Female,Organic Search
1805,2026-04-16,25-34,Australia,Female,Social Media
1806,2025-09-02,35-44,UK,Female,Social Media
1807,2026-05-06,35-44,USA,Male,Organic Search
1808,2025-07-29,35-44,USA,Female,Organic Search
1809,2026-02-14,35-44,Canada,Male,Organic Search
1810,2026-07-03,35-44,USA,Male,Social Media
1811,2025-12-23,45+,India,Male,Organic Search
1812,2026-07-05,18-24,Australia,Male,Organic Search
1813,2026-06-14,25-34,India,Female,Organic Search
1814,2026-01-18,25-34,India,Male,Paid Ads
1815,2025-10-09,25-34,India,Male,Referral
1816,2026-07-15,25-34,Canada,Female,Social Media
1817,2025-11-22,25-34,USA,Female,Social Media
1818,2026-03-21,25-34,India,Male,Organic Search
1819,2026-06-25,18-24,USA,Male,Social Media
1820,2025-08-29,35-44,India,Female,Paid Ads
1821,2026-02-23,25-34,India,Male,Social Media
1822,2026-02-08,25-34,Australia,Female,Paid Ads
1823,2026-04-18,18-24,Australia,Male,Paid Ads
1824,2026-07-05,18-24,USA,Male,Organic Search
1825,2026-06-27,35-44,Canada,Male,Organic Search
1826,2025-09-30,25-34,India,Male,Organic Search
1827,2026-06-15,18-24,USA,Male,Referral
1828,2025-09-30,45+,India,Male,Organic Search
1829,2026-06-29,18-24,India,Female,Organic Search
1830,2026-07-27,25-34,Canada,Female,Social Media
1831,2025-12-20,18-24,India,Male,Organic Search
1832,2026-01-25,18-24,India,Male,Referral
1833,2026-07-05,45+,UK,Female,Referral
1834,2026-07-15,25-34,USA,Male,Organic Search
1835,2026-07-01,18-24,India,Female,Organic Search
1836,2026-06-13,18-24,Australia,Male,Organic Search
1837,2025-07-31,25-34,India,Female,Social Media
1838,2026-02-20,18-24,India,Male,Referral
1839,2025-09-05,18-24,USA,Female,Organic Search
1840,2026-07-22,25-34,UK,Female,Social Media
1841,2025-11-09,18-24,Australia,Female,Social Media
1842,2026-07-25,18-24,India,Male,Social Media
1843,2026-02-11,18-24,UK,Male,Social Media
1844,2026-01-24,25-34,India,Male,Referral
1845,2026-07-06,25-34,India,Female,Organic Search
1846,2026-06-04,18-24,India,Female,Referral
1847,2026-01-15,18-24,Canada,Female,Organic Search
1848,2025-10-06,18-24,India,Male,Organic Search
1849,2025-09-07,25-34,USA,Male,Social Media
1850,2025-09-25,35-44,Canada,Male,Organic Search
1851,2026-01-11,18-24,Australia,Female,Organic Search
1852,2025-10-30,25-34,USA,Prefer not to say,Social Media
1853,2025-10-04,18-24,USA,Non-binary,Social Media
1854,2026-04-23,25-34,India,Male,Referral
1855,2026-05-13,18-24,India,Male,Organic Search
1856,2026-02-20,18-24,USA,Male,Referral
1857,2026-05-01,45+,India,Female,Organic Search
1858,2025-09-30,18-24,Australia,Male,Organic Search
1859,2026-06-06,18-24,India,Male,Organic Search
1860,2026-06-21,25-34,UK,Male,Organic Search
1861,2026-05-26,18-24,India,Female,Referral
1862,2026-02-01,18-24,USA,Male,Organic Search
1863,2025-08-28,35-44,Australia,Male,Social Media
1864,2026-03-29,25-34,UK,Male,Paid Ads
1865,2025-10-03,18-24,India,Female,Social Media
1866,2025-09-17,45+,Australia,Prefer not to say,Referral
1867,2025-11-23,35-44,India,Male,Paid Ads
1868,2025-10-26,35-44,India,Male,Organic Search
1869,2025-10-31,25-34,Australia,Male,Organic Search
1870,2025-10-22,25-34,India,Female,Referral
1871,2026-04-29,18-24,India,Female,Referral
1872,2026-07-12,35-44,Australia,Female,Organic Search
1873,2025-11-15,18-24,India,Female,Organic Search
1874,2026-04-18,25-34,UK,Female,Social Media
1875,2025-08-01,25-34,India,Male,Organic Search
1876,2026-03-24,25-34,UK,Female,Organic Search
1877,2026-04-07,25-34,Australia,Female,Organic Search
1878,2025-08-19,18-24,India,Female,Organic Search
1879,2025-09-09,18-24,Canada,Female,Paid Ads
1880,2025-11-17,25-34,USA,Male,Organic Search
1881,2025-12-23,25-34,India,Female,Social Media
1882,2026-01-27,25-34,India,Male,Social Media
1883,2026-06-20,35-44,India,Male,Organic Search
1884,2026-04-11,18-24,USA,Male,Organic Search
1885,2025-11-18,35-44,India,Female,Referral
1886,2025-09-08,35-44,India,Male,Organic Search
1887,2026-06-28,18-24,India,Male,Organic Search
1888,2025-11-12,35-44,USA,Male,Referral
1889,2026-03-09,45+,Australia,Female,Referral
1890,2025-10-16,35-44,India,Male,Referral
1891,2025-09-14,35-44,India,Male,Social Media
1892,2025-09-22,25-34,India,Female,Referral
1893,2026-04-27,18-24,India,Male,Referral
1894,2026-03-06,25-34,India,Female,Referral
1895,2025-12-27,25-34,India,Female,Organic Search
1896,2026-02-14,18-24,UK,Female,Organic Search
1897,2026-01-16,25-34,USA,Male,Social Media
1898,2026-02-09,18-24,Australia,Male,Referral
1899,2026-03-28,35-44,India,Male,Social Media
1900,2025-10-15,25-34,UK,Female,Organic Search
1901,2025-10-26,18-24,UK,Female,Organic Search
1902,2026-04-30,45+,India,Female,Social Media
1903,2026-06-12,25-34,Canada,Prefer not to say,Organic Search
1904,2025-08-26,25-34,India,Male,Organic Search
1905,2026-01-07,25-34,India,Female,Organic Search
1906,2026-04-11,18-24,USA,Male,Social Media
1907,2025-08-25,25-34,India,Male,Paid Ads
1908,2026-02-19,18-24,India,Female,Organic Search
1909,2025-08-19,18-24,India,Male,Referral
1910,2026-02-13,25-34,India,Male,Social Media
1911,2026-01-29,25-34,India,Female,Referral
1912,2026-02-22,18-24,India,Male,Referral
1913,2025-09-20,25-34,USA,Female,Social Media
1914,2025-11-25,25-34,USA,Male,Organic Search
1915,2026-02-03,18-24,India,Male,Referral
1916,2025-09-08,25-34,Australia,Female,Social Media
1917,2025-10-11,25-34,UK,Male,Referral
1918,2026-02-26,25-34,UK,Female,Organic Search
1919,2025-08-30,25-34,Canada,Male,Organic Search
1920,2026-01-30,35-44,UK,Male,Paid Ads
1921,2026-05-19,18-24,USA,Male,Paid Ads
1922,2026-01-09,18-24,Canada,Male,Social Media
1923,2026-01-31,18-24,Australia,Female,Referral
1924,2026-01-11,18-24,India,Prefer not to say,Social Media
1925,2025-08-18,45+,India,Male,Referral
1926,2026-01-13,18-24,India,Male,Social Media
1927,2026-05-19,25-34,India,Female,Referral
1928,2026-04-18,25-34,UK,Female,Organic Search
1929,2025-12-19,18-24,India,Female,Organic Search
1930,2026-05-22,25-34,India,Male,Social Media
1931,2026-04-26,18-24,Australia,Male,Referral
1932,2026-02-24,35-44,India,Male,Organic Search
1933,2025-08-13,18-24,India,Male,Organic Search
1934,2025-12-01,35-44,USA,Male,Organic Search
1935,2025-08-20,18-24,India,Female,Organic Search
1936,2026-07-26,25-34,Canada,Female,Social Media
1937,2026-07-05,25-34,Canada,Male,Organic Search
1938,2025-08-22,18-24,India,Female,Referral
1939,2026-07-04,35-44,India,Male,Organic Search
1940,2025-08-08,25-34,Australia,Male,Organic Search
1941,2025-12-24,25-34,India,Female,Referral
1942,2026-05-05,35-44,India,Male,Social Media
1943,2026-05-04,18-24,India,Female,Organic Search
1944,2026-07-21,18-24,India,Female,Organic Search
1945,2026-03-21,18-24,India,Male,Social Media
1946,2025-12-28,18-24,India,Male,Organic Search
1947,2026-07-26,35-44,USA,Male,Organic Search
1948,2025-12-14,18-24,India,Female,Paid Ads
1949,2026-06-11,18-24,India,Prefer not to say,Referral
1950,2026-06-24,18-24,Australia,Female,Paid Ads
1951,2025-12-12,25-34,USA,Non-binary,Social Media
1952,2026-04-03,18-24,USA,Female,Organic Search
1953,2026-03-27,35-44,India,Male,Social Media
1954,2026-02-10,25-34,India,Female,Organic Search
1955,2026-03-24,25-34,Australia,Male,Social Media
1956,2025-12-02,35-44,India,Female,Referral
1957,2025-10-01,25-34,India,Male,Organic Search
1958,2026-02-09,18-24,India,Male,Paid Ads
1959,2026-02-06,25-34,Australia,Female,Organic Search
1960,2026-04-20,18-24,USA,Female,Social Media
1961,2025-10-17,45+,USA,Male,Organic Search
1962,2025-07-29,35-44,India,Male,Social Media
1963,2025-08-05,35-44,USA,Male,Social Media
1964,2025-11-14,25-34,USA,Male,Organic Search
1965,2026-03-31,25-34,India,Female,Organic Search
1966,2026-02-12,18-24,USA,Male,Organic Search
1967,2026-02-07,18-24,USA,Female,Paid Ads
1968,2026-05-25,18-24,India,Female,Organic Search
1969,2025-10-26,25-34,India,Male,Organic Search
1970,2025-12-01,18-24,India,Female,Organic Search
1971,2025-11-05,35-44,India,Non-binary,Organic Search
1972,2026-07-06,18-24,India,Female,Referral
1973,2026-04-19,35-44,Canada,Female,Organic Search
1974,2025-09-07,25-34,Canada,Female,Paid Ads
1975,2026-05-20,25-34,India,Female,Organic Search
1976,2025-12-28,25-34,India,Male,Social Media
1977,2026-05-04,18-24,India,Male,Organic Search
1978,2026-06-16,18-24,India,Female,Referral
1979,2025-08-02,25-34,Australia,Female,Paid Ads
1980,2025-10-11,25-34,India,Female,Social Media
1981,2025-09-02,25-34,India,Female,Organic Search
1982,2025-08-09,25-34,India,Male,Organic Search
1983,2026-03-03,35-44,UK,Female,Social Media
1984,2026-04-11,25-34,USA,Female,Paid Ads
1985,2025-08-14,25-34,India,Male,Referral
1986,2026-04-25,25-34,USA,Female,Social Media
1987,2025-12-22,18-24,India,Female,Organic Search
1988,2025-10-21,25-34,Australia,Female,Organic Search
1989,2025-10-15,35-44,USA,Female,Organic Search
1990,2026-06-09,25-34,Australia,Female,Organic Search
1991,2025-08-17,25-34,Canada,Male,Organic Search
1992,2026-01-28,45+,USA,Male,Organic Search
1993,2025-11-10,25-34,Canada,Female,Organic Search
1994,2026-05-22,25-34,UK,Male,Organic Search
1995,2026-04-21,25-34,Australia,Male,Organic Search
1996,2025-11-21,45+,Canada,Male,Organic Search
1997,2026-03-03,25-34,India,Female,Referral
1998,2026-03-31,18-24,India,Female,Organic Search
1999,2025-11-22,18-24,Australia,Male,Referral
2000,2025-11-15,18-24,India,Male,Referral
2001,2025-09-18,18-24,Australia,Male,Social Media
2002,2026-03-26,25-34,Canada,Male,Organic Search
2003,2025-10-16,25-34,India,Male,Social Media
2004,2025-11-14,25-34,USA,Male,Organic Search
2005,2025-08-19,35-44,India,Female,Paid Ads
2006,2026-07-10,18-24,India,Male,Social Media
2007,2026-06-14,45+,UK,Female,Social Media
2008,2026-06-26,18-24,India,Male,Referral
2009,2026-03-14,45+,Canada,Female,Social Media
2010,2025-12-31,25-34,India,Male,Organic Search
2011,2026-01-25,18-24,India,Female,Referral
2012,2026-07-18,35-44,India,Female,Referral
2013,2026-07-07,18-24,USA,Female,Organic Search
2014,2026-03-30,25-34,USA,Male,Social Media
2015,2026-05-11,18-24,Australia,Female,Referral
2016,2025-11-21,18-24,India,Male,Referral
2017,2025-12-27,18-24,India,Female,Social Media
2018,2025-09-20,25-34,India,Male,Paid Ads
2019,2025-12-12,45+,Australia,Female,Paid Ads
2020,2026-04-30,25-34,India,Male,Organic Search
2021,2026-01-17,25-34,USA,Female,Social Media
2022,2026-06-03,18-24,UK,Male,Social Media
2023,2025-11-15,25-34,Canada,Male,Social Media
2024,2026-04-12,18-24,USA,Male,Organic Search
2025,2026-05-18,35-44,USA,Male,Social Media
2026,2026-06-27,25-34,India,Female,Paid Ads
2027,2026-02-18,35-44,India,Male,Social Media
2028,2026-07-17,35-44,India,Male,Social Media
2029,2026-02-16,25-34,India,Female,Referral
2030,2025-09-15,45+,UK,Female,Social Media
2031,2025-10-24,25-34,UK,Female,Organic Search
2032,2025-10-10,25-34,USA,Female,Referral
2033,2026-03-21,18-24,India,Male,Organic Search
2034,2026-06-30,25-34,Australia,Female,Organic Search
2035,2026-06-03,25-34,Canada,Female,Social Media
2036,2025-08-30,18-24,India,Female,Referral
2037,2026-04-19,45+,India,Male,Social Media
2038,2025-10-05,35-44,India,Female,Organic Search
2039,2025-11-03,25-34,India,Male,Organic Search
2040,2026-03-31,45+,Canada,Female,Social Media
2041,2026-03-05,25-34,India,Female,Referral
2042,2026-06-12,25-34,USA,Male,Paid Ads
2043,2025-10-04,18-24,Australia,Female,Social Media
2044,2026-05-02,35-44,India,Female,Organic Search
2045,2026-04-19,45+,India,Female,Organic Search
2046,2026-02-17,25-34,Canada,Female,Organic Search
2047,2026-01-19,35-44,India,Female,Organic Search
2048,2026-06-11,45+,USA,Female,Paid Ads
2049,2025-11-26,25-34,India,Female,Paid Ads
2050,2026-07-13,35-44,India,Female,Organic Search
2051,2025-08-02,25-34,India,Female,Organic Search
2052,2026-07-06,18-24,UK,Female,Referral
2053,2026-07-15,35-44,UK,Male,Organic Search
2054,2025-09-08,18-24,USA,Male,Organic Search
2055,2026-07-28,18-24,UK,Female,Organic Search
2056,2026-01-19,25-34,USA,Female,Paid Ads
2057,2025-10-24,18-24,Australia,Male,Referral
2058,2026-03-06,35-44,India,Non-binary,Organic Search
2059,2025-10-10,18-24,Australia,Female,Social Media
2060,2026-06-27,45+,USA,Male,Organic Search
2061,2026-02-15,18-24,India,Female,Paid Ads
2062,2026-05-07,25-34,India,Female,Referral
2063,2025-12-14,25-34,UK,Female,Social Media
2064,2026-02-08,18-24,USA,Male,Organic Search
2065,2025-12-06,18-24,India,Female,Social Media
2066,2025-10-31,18-24,USA,Female,Organic Search
2067,2026-01-31,25-34,UK,Male,Social Media
2068,2026-01-26,25-34,India,Female,Organic Search
2069,2025-09-02,18-24,Australia,Female,Organic Search
2070,2026-07-22,35-44,India,Female,Social Media
2071,2026-01-15,35-44,India,Female,Social Media
2072,2026-05-31,25-34,UK,Male,Referral
2073,2026-06-27,45+,Canada,Male,Social Media
2074,2025-12-10,18-24,USA,Female,Organic Search
2075,2025-12-26,18-24,India,Male,Social Media
2076,2026-02-18,35-44,India,Non-binary,Social Media
2077,2025-10-16,25-34,India,Male,Paid Ads
2078,2025-09-19,18-24,India,Female,Social Media
2079,2025-10-31,35-44,USA,Male,Social Media
2080,2026-07-05,25-34,India,Prefer not to say,Organic Search
2081,2026-02-24,25-34,India,Male,Referral
2082,2025-12-27,18-24,India,Male,Referral
2083,2025-09-21,45+,USA,Male,Organic Search
2084,2025-11-25,18-24,USA,Male,Organic Search
2085,2025-12-14,25-34,Australia,Male,Organic Search
2086,2026-05-29,18-24,India,Female,Social Media
2087,2026-01-26,18-24,UK,Prefer not to say,Social Media
2088,2026-03-24,18-24,India,Female,Referral
2089,2026-04-04,25-34,India,Male,Paid Ads
2090,2025-10-30,25-34,India,Female,Organic Search
2091,2026-05-24,18-24,India,Female,Organic Search
2092,2026-07-16,25-34,India,Male,Organic Search
2093,2026-03-19,35-44,India,Male,Organic Search
2094,2026-01-23,45+,India,Male,Paid Ads
2095,2025-09-27,18-24,UK,Male,Referral
2096,2026-05-14,25-34,India,Female,Referral
2097,2025-09-27,25-34,USA,Female,Organic Search
2098,2026-04-17,45+,India,Male,Referral
2099,2026-01-22,45+,India,Female,Referral
2100,2026-06-28,25-34,India,Male,Social Media
2101,2026-02-11,18-24,India,Male,Referral
2102,2026-03-19,18-24,UK,Non-binary,Referral
2103,2025-08-18,18-24,USA,Female,Organic Search
2104,2025-08-09,45+,UK,Female,Organic Search
2105,2026-06-02,25-34,Australia,Female,Referral
2106,2026-07-08,18-24,Canada,Female,Social Media
2107,2026-03-29,18-24,India,Male,Referral
2108,2026-05-03,45+,India,Male,Referral
2109,2025-12-25,25-34,India,Female,Paid Ads
2110,2026-06-01,25-34,India,Female,Social Media
2111,2025-10-20,25-34,Australia,Female,Social Media
2112,2026-04-12,25-34,USA,Female,Referral
2113,2025-07-31,25-34,UK,Female,Organic Search
2114,2026-01-29,25-34,Australia,Female,Referral
2115,2025-12-11,25-34,USA,Female,Paid Ads
2116,2026-03-11,25-34,Canada,Female,Organic Search
2117,2026-03-29,18-24,Canada,Female,Paid Ads
2118,2026-03-10,25-34,India,Male,Organic Search
2119,2026-01-20,35-44,India,Female,Referral
2120,2026-01-22,18-24,India,Male,Organic Search
2121,2025-07-30,25-34,USA,Male,Organic Search
2122,2026-02-14,45+,USA,Female,Organic Search
2123,2025-08-01,25-34,USA,Female,Organic Search
2124,2026-02-06,25-34,India,Male,Organic Search
2125,2025-11-05,35-44,India,Male,Organic Search
2126,2026-07-20,25-34,India,Female,Organic Search
2127,2025-08-03,18-24,India,Male,Social Media
2128,2026-05-21,18-24,India,Male,Social Media
2129,2026-03-31,18-24,Canada,Male,Social Media
2130,2026-05-19,35-44,India,Male,Social Media
2131,2026-06-25,25-34,Canada,Male,Organic Search
2132,2025-09-05,18-24,India,Female,Paid Ads
2133,2025-09-01,18-24,India,Male,Social Media
2134,2025-09-20,18-24,India,Female,Referral
2135,2025-10-06,25-34,India,Female,Referral
2136,2026-02-05,25-34,Australia,Female,Organic Search
2137,2026-05-22,18-24,India,Male,Organic Search
2138,2025-11-02,25-34,UK,Male,Social Media
2139,2025-12-20,18-24,Australia,Female,Social Media
2140,2025-12-11,18-24,India,Female,Organic Search
2141,2025-12-23,18-24,India,Male,Referral
2142,2026-02-19,35-44,Australia,Male,Referral
2143,2026-07-25,18-24,UK,Female,Referral
2144,2025-10-18,25-34,India,Prefer not to say,Social Media
2145,2026-04-04,25-34,India,Male,Organic Search
2146,2026-06-03,45+,Australia,Male,Social Media
2147,2026-03-24,18-24,India,Male,Organic Search
2148,2026-06-07,25-34,India,Male,Social Media
2149,2026-05-02,25-34,USA,Male,Organic Search
2150,2025-08-31,18-24,India,Male,Organic Search
2151,2025-12-13,18-24,India,Male,Referral
2152,2026-02-15,18-24,India,Female,Organic Search
2153,2025-08-17,18-24,Australia,Male,Organic Search
2154,2025-07-31,18-24,India,Female,Referral
2155,2025-09-28,18-24,UK,Male,Referral
2156,2026-01-26,25-34,India,Female,Organic Search
2157,2026-01-02,25-34,Canada,Male,Referral
2158,2026-05-11,18-24,USA,Female,Social Media
2159,2026-02-20,18-24,UK,Female,Organic Search
2160,2026-06-07,25-34,India,Female,Paid Ads
2161,2025-08-31,18-24,UK,Male,Organic Search
2162,2026-02-06,25-34,India,Female,Referral
2163,2025-08-12,35-44,Australia,Female,Social Media
2164,2025-10-13,25-34,Australia,Male,Social Media
2165,2026-06-10,45+,India,Male,Social Media
2166,2026-06-17,25-34,India,Male,Social Media
2167,2026-01-18,35-44,USA,Female,Organic Search
2168,2025-08-14,25-34,Canada,Non-binary,Organic Search
2169,2025-08-24,35-44,India,Female,Social Media
2170,2026-07-01,18-24,India,Male,Organic Search
2171,2026-06-22,25-34,Canada,Female,Social Media
2172,2026-02-19,25-34,India,Male,Organic Search
2173,2025-08-09,25-34,USA,Male,Organic Search
2174,2026-07-02,18-24,India,Male,Referral
2175,2025-11-20,35-44,India,Female,Social Media
2176,2026-07-14,18-24,Canada,Female,Organic Search
2177,2026-02-27,18-24,USA,Male,Organic Search
2178,2026-04-29,25-34,India,Female,Social Media
2179,2026-04-14,25-34,India,Male,Referral
2180,2025-12-20,35-44,India,Non-binary,Organic Search
2181,2025-08-25,45+,India,Non-binary,Referral
2182,2025-09-25,35-44,India,Female,Organic Search
2183,2025-10-24,25-34,Canada,Female,Social Media
2184,2026-05-29,35-44,India,Male,Social Media
2185,2025-12-17,35-44,UK,Male,Organic Search
2186,2026-06-21,25-34,India,Female,Organic Search
2187,2025-11-26,18-24,India,Female,Organic Search
2188,2026-04-30,25-34,UK,Female,Organic Search
2189,2025-09-17,18-24,India,Male,Social Media
2190,2026-07-24,18-24,India,Male,Paid Ads
2191,2026-04-19,45+,India,Female,Referral
2192,2026-01-27,35-44,USA,Male,Organic Search
2193,2026-07-19,35-44,UK,Female,Organic Search
2194,2025-08-16,18-24,India,Male,Social Media
2195,2026-01-03,18-24,Australia,Female,Organic Search
2196,2026-05-30,25-34,India,Female,Organic Search
2197,2025-11-29,25-34,USA,Male,Organic Search
2198,2026-05-05,18-24,India,Male,Social Media
2199,2026-07-12,25-34,India,Female,Organic Search
2200,2025-12-20,18-24,India,Female,Organic Search
2201,2026-05-07,35-44,India,Male,Organic Search
2202,2025-08-07,25-34,India,Female,Organic Search
2203,2025-11-05,35-44,Canada,Male,Organic Search
2204,2026-07-26,18-24,India,Female,Organic Search
2205,2026-01-23,25-34,India,Female,Paid Ads
2206,2025-12-05,35-44,USA,Male,Social Media
2207,2026-07-07,25-34,USA,Male,Social Media
2208,2026-01-02,18-24,Canada,Male,Organic Search
2209,2026-04-02,35-44,USA,Female,Referral
2210,2026-03-26,25-34,India,Male,Paid Ads
2211,2025-08-28,18-24,USA,Male,Organic Search
2212,2026-03-11,25-34,UK,Male,Organic Search
2213,2026-05-16,25-34,Australia,Male,Organic Search
2214,2026-04-14,45+,India,Male,Organic Search
2215,2025-08-27,25-34,USA,Male,Referral
2216,2025-09-22,18-24,Canada,Female,Organic Search
2217,2026-04-14,25-34,India,Female,Social Media
2218,2026-03-17,35-44,India,Female,Social Media
2219,2026-04-24,25-34,USA,Female,Referral
2220,2025-11-20,18-24,India,Prefer not to say,Organic Search
2221,2025-09-04,25-34,Australia,Female,Organic Search
2222,2025-07-29,18-24,Canada,Female,Referral
2223,2025-11-17,18-24,India,Female,Paid Ads
2224,2025-12-06,35-44,India,Female,Organic Search
2225,2025-11-03,18-24,Australia,Female,Organic Search
2226,2025-09-14,18-24,Australia,Male,Referral
2227,2025-10-04,25-34,India,Female,Referral
2228,2026-01-08,18-24,India,Male,Organic Search
2229,2026-02-16,25-34,Canada,Male,Organic Search
2230,2025-12-24,25-34,UK,Female,Organic Search
2231,2025-08-06,25-34,India,Female,Social Media
2232,2025-12-04,18-24,India,Female,Organic Search
2233,2025-08-31,35-44,India,Male,Referral
2234,2026-03-03,25-34,Canada,Female,Referral
2235,2025-11-23,35-44,India,Female,Social Media
2236,2025-12-15,18-24,Australia,Female,Paid Ads
2237,2025-11-11,18-24,India,Female,Organic Search
2238,2025-12-16,18-24,UK,Female,Referral
2239,2025-08-28,35-44,India,Male,Social Media
2240,2026-06-22,35-44,India,Female,Social Media
2241,2026-06-24,18-24,India,Male,Social Media
2242,2026-07-21,35-44,India,Male,Social Media
2243,2026-02-22,18-24,USA,Female,Organic Search
2244,2025-09-28,25-34,USA,Male,Organic Search
2245,2025-12-14,45+,USA,Female,Referral
2246,2025-09-16,18-24,India,Female,Organic Search
2247,2025-11-15,25-34,India,Male,Organic Search
2248,2026-01-24,35-44,UK,Non-binary,Referral
2249,2025-08-20,18-24,India,Female,Organic Search
2250,2026-01-03,35-44,India,Female,Organic Search
2251,2025-12-29,25-34,Canada,Male,Organic Search
2252,2026-01-21,25-34,Canada,Male,Referral
2253,2025-08-25,35-44,Canada,Female,Referral
2254,2025-10-28,18-24,Australia,Female,Referral
2255,2025-10-26,25-34,Australia,Male,Referral
2256,2026-03-13,18-24,India,Female,Social Media
2257,2026-03-02,35-44,UK,Male,Organic Search
2258,2025-10-07,25-34,India,Male,Social Media
2259,2025-09-05,25-34,Canada,Male,Referral
2260,2025-11-16,25-34,Australia,Female,Organic Search
2261,2026-07-10,18-24,India,Female,Organic Search
2262,2025-11-26,18-24,India,Male,Organic Search
2263,2026-03-11,35-44,India,Male,Organic Search
2264,2026-05-18,35-44,USA,Male,Organic Search
2265,2025-11-25,25-34,India,Female,Social Media
2266,2025-11-27,35-44,Australia,Male,Organic Search
2267,2026-05-22,35-44,Australia,Male,Social Media
2268,2026-06-07,25-34,India,Female,Social Media
2269,2026-07-19,25-34,USA,Female,Organic Search
2270,2025-09-15,35-44,India,Female,Organic Search
2271,2025-11-22,18-24,India,Male,Organic Search
2272,2026-07-09,25-34,India,Male,Social Media
2273,2025-10-09,35-44,India,Male,Referral
2274,2025-11-19,35-44,Australia,Female,Organic Search
2275,2026-07-16,18-24,India,Prefer not to say,Social Media
2276,2026-07-17,25-34,India,Male,Organic Search
2277,2025-11-11,18-24,India,Female,Organic Search
2278,2026-04-08,18-24,USA,Male,Paid Ads
2279,2026-01-23,25-34,India,Male,Organic Search
2280,2026-02-23,35-44,Australia,Female,Organic Search
2281,2025-10-24,25-34,India,Male,Social Media
2282,2025-12-12,18-24,UK,Female,Social Media
2283,2026-05-22,25-34,India,Female,Organic Search
2284,2025-12-18,35-44,India,Female,Organic Search
2285,2025-09-07,18-24,India,Male,Social Media
2286,2026-02-19,18-24,USA,Male,Social Media
2287,2026-03-01,25-34,India,Female,Social Media
2288,2026-02-12,18-24,USA,Female,Organic Search
2289,2026-04-03,45+,Australia,Female,Referral
2290,2026-02-14,18-24,India,Male,Organic Search
2291,2026-07-11,35-44,India,Non-binary,Social Media
2292,2026-01-12,25-34,India,Male,Referral
2293,2026-04-13,18-24,India,Non-binary,Organic Search
2294,2026-01-04,18-24,Australia,Male,Social Media
2295,2025-11-11,18-24,India,Male,Paid Ads
2296,2026-04-07,45+,USA,Male,Referral
2297,2026-05-23,18-24,Canada,Female,Referral
2298,2026-05-15,25-34,USA,Male,Social Media
2299,2025-12-24,25-34,India,Female,Referral
2300,2026-01-26,18-24,India,Male,Organic Search
2301,2026-03-16,25-34,India,Male,Referral
2302,2025-10-24,25-34,India,Male,Social Media
2303,2026-03-26,35-44,Canada,Prefer not to say,Referral
2304,2026-04-15,18-24,USA,Female,Social Media
2305,2026-05-12,25-34,UK,Female,Organic Search
2306,2025-08-24,25-34,USA,Male,Organic Search
2307,2026-07-25,25-34,India,Male,Organic Search
2308,2026-01-19,18-24,India,Male,Paid Ads
2309,2025-12-21,35-44,India,Female,Referral
2310,2026-01-29,25-34,India,Male,Organic Search
2311,2026-06-29,18-24,Canada,Male,Referral
2312,2026-04-07,35-44,India,Male,Paid Ads
2313,2026-02-11,25-34,India,Male,Organic Search
2314,2026-05-13,35-44,Canada,Female,Organic Search
2315,2025-12-06,45+,Australia,Male,Paid Ads
2316,2026-06-20,18-24,USA,Female,Referral
2317,2026-02-09,25-34,India,Female,Paid Ads
2318,2026-03-18,18-24,Australia,Female,Social Media
2319,2025-08-28,18-24,Canada,Female,Social Media
2320,2026-05-05,35-44,Canada,Female,Organic Search
2321,2026-03-25,25-34,Australia,Male,Organic Search
2322,2025-12-04,25-34,USA,Female,Organic Search
2323,2026-03-21,25-34,Australia,Male,Organic Search
2324,2025-08-13,25-34,India,Male,Social Media
2325,2026-07-23,25-34,India,Female,Organic Search
2326,2026-04-01,25-34,India,Female,Referral
2327,2025-12-21,35-44,USA,Male,Paid Ads
2328,2026-04-29,25-34,USA,Female,Organic Search
2329,2026-07-16,25-34,USA,Male,Organic Search
2330,2026-01-01,35-44,India,Female,Organic Search
2331,2025-07-31,35-44,India,Female,Organic Search
2332,2025-10-30,18-24,Australia,Male,Social Media
2333,2026-01-30,25-34,India,Female,Referral
2334,2026-02-02,18-24,India,Male,Social Media
2335,2026-02-25,25-34,India,Non-binary,Paid Ads
2336,2026-02-23,25-34,USA,Female,Organic Search
2337,2026-01-07,25-34,Australia,Male,Organic Search
2338,2025-12-18,18-24,India,Male,Referral
2339,2026-05-06,18-24,India,Male,Organic Search
2340,2026-02-28,25-34,Australia,Male,Social Media
2341,2026-01-27,45+,India,Female,Organic Search
2342,2025-12-01,25-34,India,Female,Organic Search
2343,2025-08-05,18-24,India,Female,Referral
2344,2025-09-04,18-24,India,Female,Referral
2345,2025-12-27,18-24,UK,Female,Social Media
2346,2026-07-14,35-44,India,Female,Referral
2347,2025-09-08,25-34,USA,Male,Social Media
2348,2026-07-07,25-34,USA,Male,Organic Search
2349,2025-09-17,18-24,India,Female,Organic Search
2350,2025-11-19,35-44,USA,Non-binary,Organic Search
2351,2026-01-10,18-24,India,Male,Referral
2352,2025-10-11,25-34,India,Female,Organic Search
2353,2026-01-20,35-44,India,Male,Organic Search
2354,2026-01-18,18-24,India,Female,Referral
2355,2026-01-04,25-34,India,Female,Social Media
2356,2026-04-09,18-24,India,Female,Referral
2357,2025-11-21,35-44,India,Female,Social Media
2358,2025-11-14,35-44,India,Male,Organic Search
2359,2026-05-20,35-44,India,Prefer not to say,Social Media
2360,2025-09-08,18-24,India,Male,Organic Search
2361,2026-06-03,25-34,India,Female,Referral
2362,2026-03-22,45+,Australia,Male,Referral
2363,2026-04-01,25-34,Canada,Female,Organic Search
2364,2025-09-26,25-34,India,Male,Referral
2365,2026-07-23,25-34,India,Female,Social Media
2366,2025-10-25,25-34,India,Female,Organic Search
2367,2025-09-29,25-34,India,Female,Paid Ads
2368,2025-09-24,18-24,India,Female,Organic Search
2369,2026-02-17,18-24,India,Male,Organic Search
2370,2026-07-13,25-34,India,Male,Organic Search
2371,2025-10-20,35-44,India,Female,Paid Ads
2372,2025-12-23,45+,Canada,Male,Referral
2373,2025-10-03,18-24,Australia,Male,Organic Search
2374,2026-03-19,25-34,Canada,Male,Organic Search
2375,2026-01-02,18-24,India,Male,Referral
2376,2025-08-07,35-44,Canada,Non-binary,Social Media
2377,2026-03-09,25-34,India,Female,Social Media
2378,2025-10-08,25-34,Australia,Male,Referral
2379,2026-03-01,18-24,India,Male,Organic Search
2380,2025-12-17,25-34,Canada,Female,Referral
2381,2026-04-11,18-24,India,Non-binary,Organic Search
2382,2025-10-11,18-24,India,Female,Organic Search
2383,2026-04-29,18-24,India,Female,Social Media
2384,2026-05-19,35-44,UK,Male,Social Media
2385,2025-08-19,18-24,India,Female,Organic Search
2386,2025-09-03,25-34,Australia,Female,Social Media
2387,2026-06-12,35-44,India,Male,Organic Search
2388,2025-10-04,18-24,Canada,Female,Organic Search
2389,2025-11-24,35-44,UK,Male,Referral
2390,2026-01-11,18-24,India,Female,Social Media
2391,2025-11-01,18-24,Australia,Male,Social Media
2392,2026-06-08,18-24,India,Female,Organic Search
2393,2026-02-06,18-24,India,Female,Referral
2394,2026-03-18,25-34,India,Male,Social Media
2395,2026-03-03,25-34,India,Male,Social Media
2396,2026-03-08,25-34,Australia,Male,Organic Search
2397,2026-02-27,18-24,India,Male,Organic Search
2398,2025-12-02,18-24,USA,Female,Organic Search
2399,2026-06-02,18-24,UK,Female,Organic Search
2400,2026-03-10,18-24,UK,Male,Organic Search
2401,2026-05-21,25-34,UK,Male,Social Media
2402,2026-04-12,25-34,India,Male,Paid Ads
2403,2025-11-13,18-24,India,Male,Organic Search
2404,2026-03-09,35-44,India,Male,Social Media
2405,2025-08-28,18-24,India,Male,Organic Search
2406,2025-09-15,25-34,Canada,Female,Paid Ads
2407,2025-09-09,25-34,India,Male,Organic Search
2408,2025-11-16,35-44,USA,Prefer not to say,Referral
2409,2025-10-02,25-34,India,Male,Organic Search
2410,2026-04-07,18-24,UK,Male,Referral
2411,2026-01-30,45+,India,Female,Organic Search
2412,2025-12-28,18-24,India,Female,Referral
2413,2025-09-16,35-44,Canada,Female,Social Media
2414,2025-12-15,18-24,USA,Female,Organic Search
2415,2025-10-03,45+,Canada,Female,Organic Search
2416,2026-03-17,25-34,India,Female,Paid Ads
2417,2026-04-07,25-34,UK,Male,Paid Ads
2418,2026-03-21,25-34,Australia,Female,Social Media
2419,2026-07-28,35-44,India,Female,Social Media
2420,2026-02-16,18-24,USA,Female,Organic Search
2421,2026-01-23,25-34,Australia,Male,Organic Search
2422,2025-09-17,25-34,India,Female,Social Media
2423,2025-11-20,25-34,Australia,Female,Organic Search
2424,2026-01-09,45+,India,Female,Social Media
2425,2025-08-16,18-24,Australia,Female,Social Media
2426,2025-12-06,18-24,India,Female,Organic Search
2427,2025-07-31,18-24,India,Female,Organic Search
2428,2025-09-15,18-24,India,Female,Organic Search
2429,2026-05-22,18-24,India,Male,Referral
2430,2026-07-15,25-34,UK,Male,Organic Search
2431,2026-01-28,18-24,Australia,Male,Social Media
2432,2026-01-25,18-24,India,Male,Organic Search
2433,2026-04-04,35-44,USA,Male,Paid Ads
2434,2025-12-27,18-24,India,Male,Organic Search
2435,2026-05-31,25-34,USA,Male,Social Media
2436,2026-01-22,25-34,India,Male,Social Media
2437,2025-08-27,18-24,India,Female,Social Media
2438,2025-08-08,25-34,India,Female,Social Media
2439,2026-05-02,18-24,India,Male,Paid Ads
2440,2025-11-11,25-34,India,Male,Social Media
2441,2025-11-05,25-34,India,Female,Paid Ads
2442,2026-02-09,25-34,UK,Female,Organic Search
2443,2025-09-27,18-24,India,Male,Social Media
2444,2026-01-11,25-34,India,Female,Organic Search
2445,2026-04-25,25-34,India,Female,Referral
2446,2026-05-04,25-34,India,Male,Referral
2447,2026-02-14,25-34,India,Male,Organic Search
2448,2025-09-07,25-34,India,Male,Referral
2449,2025-09-07,25-34,UK,Male,Organic Search
2450,2026-05-07,18-24,UK,Female,Organic Search
2451,2026-05-25,25-34,Canada,Male,Organic Search
2452,2025-12-09,45+,India,Female,Social Media
2453,2026-05-25,18-24,India,Female,Organic Search
2454,2025-08-12,18-24,India,Male,Referral
2455,2026-04-17,25-34,India,Male,Social Media
2456,2026-02-12,45+,Canada,Female,Social Media
2457,2026-07-25,35-44,USA,Female,Social Media
2458,2025-09-03,25-34,USA,Male,Referral
2459,2026-05-27,25-34,India,Female,Social Media
2460,2026-04-28,25-34,India,Female,Paid Ads
2461,2025-11-13,25-34,USA,Male,Social Media
2462,2026-07-28,18-24,India,Male,Organic Search
2463,2026-01-08,25-34,USA,Male,Organic Search
2464,2025-12-02,25-34,Canada,Female,Organic Search
2465,2026-05-22,35-44,Australia,Male,Referral
2466,2026-01-04,18-24,Australia,Male,Referral
2467,2026-07-26,25-34,India,Female,Organic Search
2468,2026-05-07,18-24,USA,Male,Referral
2469,2025-10-22,18-24,UK,Female,Organic Search
2470,2026-05-20,35-44,India,Male,Paid Ads
2471,2026-02-28,25-34,India,Male,Social Media
2472,2025-12-03,25-34,Australia,Female,Social Media
2473,2026-04-14,18-24,India,Female,Organic Search
2474,2026-03-16,25-34,India,Male,Referral
2475,2025-09-26,18-24,India,Male,Paid Ads
2476,2025-09-16,25-34,UK,Prefer not to say,Referral
2477,2025-10-11,25-34,India,Female,Organic Search
2478,2025-10-11,35-44,UK,Male,Organic Search
2479,2025-08-18,25-34,India,Female,Organic Search
2480,2025-12-03,35-44,USA,Female,Paid Ads
2481,2025-11-07,18-24,USA,Male,Paid Ads
2482,2026-02-10,25-34,India,Male,Social Media
2483,2025-11-23,18-24,India,Male,Referral
2484,2026-04-11,35-44,India,Female,Social Media
2485,2025-11-10,25-34,India,Female,Referral
2486,2025-11-02,25-34,India,Female,Organic Search
2487,2026-06-07,18-24,UK,Female,Social Media
2488,2026-07-23,25-34,Canada,Female,Social Media
2489,2026-04-02,25-34,USA,Female,Organic Search
2490,2025-08-31,18-24,India,Male,Organic Search
2491,2026-07-15,18-24,UK,Male,Organic Search
2492,2026-05-11,18-24,USA,Male,Organic Search
2493,2026-06-29,45+,Australia,Male,Referral
2494,2026-07-26,18-24,Canada,Non-binary,Organic Search
2495,2026-06-10,25-34,Canada,Female,Social Media
2496,2025-09-12,25-34,India,Female,Organic Search
2497,2026-06-09,25-34,Australia,Male,Organic Search
2498,2025-10-27,18-24,India,Male,Referral
2499,2026-04-14,18-24,India,Female,Paid Ads
2500,2026-05-27,25-34,Canada,Male,Organic Search
2501,2026-05-02,45+,Australia,Female,Referral
2502,2026-04-01,18-24,Australia,Female,Social Media
2503,2026-01-23,25-34,India,Female,Paid Ads
2504,2026-02-24,18-24,India,Male,Social Media
2505,2025-11-03,25-34,India,Male,Referral
2506,2025-12-26,45+,India,Male,Referral
2507,2026-01-09,35-44,India,Female,Social Media
2508,2026-03-16,25-34,USA,Male,Referral
2509,2026-06-15,25-34,India,Male,Organic Search
2510,2025-08-31,25-34,Canada,Prefer not to say,Organic Search
2511,2026-02-01,18-24,India,Male,Organic Search
2512,2025-11-06,25-34,India,Female,Referral
2513,2026-07-05,35-44,USA,Prefer not to say,Organic Search
2514,2025-12-10,25-34,Canada,Male,Organic Search
2515,2026-07-10,18-24,India,Male,Social Media
2516,2025-11-24,18-24,India,Female,Social Media
2517,2025-07-28,18-24,India,Male,Social Media
2518,2026-05-07,25-34,UK,Male,Paid Ads
2519,2026-04-22,18-24,UK,Female,Referral
2520,2026-04-21,18-24,USA,Female,Organic Search
2521,2026-01-11,25-34,India,Male,Paid Ads
2522,2026-03-28,25-34,USA,Male,Organic Search
2523,2025-12-06,18-24,Australia,Male,Referral
2524,2025-08-20,18-24,India,Female,Organic Search
2525,2026-02-08,45+,USA,Female,Social Media
2526,2025-10-15,18-24,India,Male,Organic Search
2527,2026-01-01,25-34,Canada,Male,Organic Search
2528,2025-10-13,25-34,India,Female,Organic Search
2529,2025-11-03,18-24,India,Male,Social Media
2530,2026-05-27,18-24,India,Female,Organic Search
2531,2025-11-28,18-24,USA,Female,Paid Ads
2532,2026-02-24,35-44,Canada,Female,Referral
2533,2026-02-20,18-24,Canada,Male,Social Media
2534,2026-01-21,25-34,UK,Male,Organic Search
2535,2025-11-30,25-34,UK,Female,Referral
2536,2026-04-03,45+,India,Female,Social Media
2537,2025-08-14,25-34,India,Male,Referral
2538,2025-09-02,35-44,India,Male,Referral
2539,2026-05-10,45+,India,Male,Social Media
2540,2026-01-12,18-24,India,Female,Organic Search
2541,2025-09-11,25-34,UK,Female,Social Media
2542,2026-06-06,18-24,USA,Male,Organic Search
2543,2026-01-05,18-24,India,Male,Social Media
2544,2025-07-28,45+,India,Female,Organic Search
2545,2026-07-13,18-24,Australia,Male,Social Media
2546,2025-10-10,18-24,India,Male,Referral
2547,2026-04-06,18-24,Canada,Male,Social Media
2548,2025-09-14,18-24,USA,Male,Organic Search
2549,2026-03-22,18-24,USA,Female,Social Media
2550,2025-09-24,18-24,UK,Male,Referral
2551,2026-07-04,18-24,India,Female,Referral
2552,2025-11-05,25-34,UK,Female,Organic Search
2553,2026-03-24,18-24,India,Female,Organic Search
2554,2025-10-27,18-24,India,Female,Social Media
2555,2025-12-11,25-34,Canada,Male,Organic Search
2556,2026-06-23,35-44,India,Male,Social Media
2557,2025-09-26,25-34,Australia,Female,Organic Search
2558,2025-12-20,18-24,Australia,Female,Organic Search
2559,2025-11-16,25-34,Canada,Female,Referral
2560,2026-04-09,25-34,USA,Male,Organic Search
2561,2025-10-21,35-44,India,Female,Organic Search
2562,2026-03-24,45+,India,Male,Paid Ads
2563,2026-04-11,18-24,India,Female,Social Media
2564,2025-07-28,25-34,UK,Female,Social Media
2565,2026-01-18,18-24,India,Female,Social Media
2566,2025-09-14,18-24,Canada,Male,Organic Search
2567,2025-10-18,18-24,UK,Male,Social Media
2568,2026-04-02,25-34,India,Male,Referral
2569,2025-07-31,35-44,India,Male,Social Media
2570,2026-04-08,35-44,USA,Female,Social Media
2571,2026-05-23,25-34,USA,Female,Organic Search
2572,2026-07-24,25-34,UK,Male,Social Media
2573,2025-12-29,18-24,India,Male,Organic Search
2574,2025-09-14,18-24,India,Prefer not to say,Social Media
2575,2025-08-22,25-34,UK,Female,Referral
2576,2025-12-15,18-24,India,Male,Social Media
2577,2026-04-21,45+,UK,Male,Organic Search
2578,2025-09-03,25-34,USA,Prefer not to say,Organic Search
2579,2025-11-19,35-44,Australia,Female,Organic Search
2580,2026-06-15,25-34,USA,Female,Organic Search
2581,2025-09-16,35-44,Canada,Female,Social Media
2582,2026-05-07,45+,India,Female,Organic Search
2583,2026-04-29,25-34,India,Male,Referral
2584,2025-09-14,18-24,India,Male,Organic Search
2585,2026-07-26,35-44,Australia,Female,Organic Search
2586,2025-09-18,35-44,USA,Male,Social Media
2587,2026-02-07,25-34,India,Female,Social Media
2588,2025-07-31,45+,India,Male,Organic Search
2589,2026-03-22,25-34,Canada,Female,Referral
2590,2026-01-05,25-34,India,Male,Organic Search
2591,2026-04-18,18-24,Canada,Female,Paid Ads
2592,2026-03-14,18-24,India,Female,Social Media
2593,2025-09-21,18-24,India,Male,Organic Search
2594,2025-12-25,25-34,Canada,Male,Paid Ads
2595,2026-04-05,45+,UK,Female,Social Media
2596,2026-06-07,18-24,India,Female,Referral
2597,2025-08-28,18-24,Australia,Female,Social Media
2598,2025-09-02,35-44,India,Female,Organic Search
2599,2026-04-29,18-24,Australia,Female,Referral
2600,2026-02-28,25-34,Canada,Male,Organic Search
2601,2025-12-15,25-34,Canada,Male,Social Media
2602,2026-07-15,18-24,Canada,Prefer not to say,Referral
2603,2025-11-20,18-24,India,Male,Referral
2604,2025-09-17,25-34,India,Female,Organic Search
2605,2025-11-06,25-34,India,Female,Referral
2606,2025-08-27,18-24,Australia,Male,Paid Ads
2607,2026-02-15,35-44,India,Female,Social Media
2608,2026-03-04,35-44,India,Female,Organic Search
2609,2026-03-07,18-24,India,Female,Social Media
2610,2026-05-09,18-24,India,Female,Referral
2611,2026-04-06,18-24,India,Female,Paid Ads
2612,2026-06-03,35-44,UK,Male,Organic Search
2613,2026-03-25,25-34,India,Male,Social Media
2614,2025-11-15,18-24,India,Female,Social Media
2615,2026-02-02,25-34,USA,Male,Organic Search
2616,2026-01-30,18-24,India,Female,Referral
2617,2026-04-27,25-34,India,Female,Organic Search
2618,2025-11-13,18-24,Canada,Female,Organic Search
2619,2025-08-16,45+,India,Female,Organic Search
2620,2026-06-21,25-34,India,Male,Social Media
2621,2026-07-12,25-34,UK,Female,Referral
2622,2026-01-25,25-34,India,Male,Organic Search
2623,2025-09-07,25-34,Canada,Female,Organic Search
2624,2026-01-26,35-44,India,Male,Organic Search
2625,2026-03-02,25-34,India,Female,Organic Search
2626,2026-02-06,25-34,India,Female,Organic Search
2627,2026-07-20,25-34,USA,Male,Organic Search
2628,2026-07-24,25-34,Australia,Female,Organic Search
2629,2026-07-04,25-34,India,Female,Referral
2630,2025-09-14,18-24,UK,Female,Referral
2631,2026-06-08,25-34,USA,Female,Organic Search
2632,2026-02-21,18-24,India,Female,Referral
2633,2025-12-08,18-24,Canada,Female,Organic Search
2634,2026-04-03,18-24,UK,Female,Organic Search
2635,2026-05-03,18-24,Australia,Male,Organic Search
2636,2026-07-12,25-34,India,Male,Organic Search
2637,2026-05-05,35-44,India,Male,Organic Search
2638,2025-08-03,35-44,USA,Male,Referral
2639,2025-08-21,18-24,India,Male,Referral
2640,2025-10-31,35-44,India,Male,Referral
2641,2025-08-11,25-34,India,Female,Referral
2642,2025-08-19,18-24,USA,Male,Organic Search
2643,2026-05-12,25-34,India,Male,Organic Search
2644,2026-01-29,18-24,USA,Male,Organic Search
2645,2026-03-15,18-24,Australia,Female,Social Media
2646,2026-01-27,35-44,India,Male,Organic Search
2647,2025-12-27,25-34,India,Male,Social Media
2648,2026-04-10,18-24,India,Non-binary,Organic Search
2649,2025-08-27,18-24,India,Female,Social Media
2650,2026-02-09,18-24,Canada,Non-binary,Organic Search
2651,2026-03-10,18-24,Canada,Female,Organic Search
2652,2025-11-06,18-24,USA,Male,Referral
2653,2025-11-18,25-34,India,Female,Organic Search
2654,2026-01-31,18-24,India,Male,Organic Search
2655,2025-10-10,25-34,India,Male,Social Media
2656,2026-05-19,35-44,UK,Female,Organic Search
2657,2026-02-09,25-34,India,Female,Social Media
2658,2025-12-18,35-44,Australia,Male,Organic Search
2659,2026-03-17,25-34,India,Female,Organic Search
2660,2026-05-29,25-34,India,Male,Paid Ads
2661,2026-04-03,18-24,India,Male,Referral
2662,2025-08-21,25-34,UK,Female,Organic Search
2663,2026-04-09,18-24,India,Male,Paid Ads
2664,2026-04-21,25-34,India,Female,Organic Search
2665,2026-06-02,25-34,India,Female,Organic Search
2666,2025-08-18,25-34,UK,Female,Organic Search
2667,2025-08-28,25-34,Australia,Female,Referral
2668,2026-01-03,35-44,India,Female,Referral
2669,2026-01-09,18-24,India,Male,Organic Search
2670,2026-03-07,45+,India,Male,Social Media
2671,2025-11-18,25-34,India,Male,Social Media
2672,2026-04-25,18-24,India,Female,Organic Search
2673,2026-04-25,25-34,Australia,Male,Referral
2674,2025-09-09,35-44,USA,Male,Social Media
2675,2026-04-13,25-34,India,Female,Social Media
2676,2026-04-10,18-24,India,Female,Organic Search
2677,2025-09-25,18-24,India,Female,Social Media
2678,2026-07-11,35-44,India,Female,Social Media
2679,2026-02-04,18-24,Canada,Female,Social Media
2680,2026-05-10,25-34,India,Female,Paid Ads
2681,2026-04-17,18-24,Canada,Male,Organic Search
2682,2025-09-27,35-44,India,Female,Organic Search
2683,2025-09-12,25-34,India,Female,Organic Search
2684,2026-05-09,25-34,India,Female,Organic Search
2685,2025-11-03,25-34,India,Male,Social Media
2686,2026-06-17,25-34,Canada,Female,Paid Ads
2687,2026-05-06,45+,Canada,Female,Referral
2688,2025-08-07,25-34,India,Female,Social Media
2689,2026-05-19,25-34,India,Male,Organic Search
2690,2025-11-04,25-34,India,Female,Referral
2691,2025-08-20,18-24,USA,Prefer not to say,Paid Ads
2692,2026-04-14,25-34,India,Female,Organic Search
2693,2026-02-24,25-34,India,Male,Organic Search
2694,2025-08-25,18-24,India,Male,Paid Ads
2695,2026-01-10,25-34,India,Male,Social Media
2696,2025-12-06,18-24,USA,Male,Social Media
2697,2026-01-26,45+,Canada,Female,Paid Ads
2698,2026-02-20,45+,USA,Female,Social Media
2699,2025-12-09,35-44,UK,Female,Organic Search
2700,2025-10-29,18-24,Canada,Male,Referral
2701,2025-09-03,35-44,India,Male,Referral
2702,2026-02-23,18-24,USA,Male,Organic Search
2703,2026-04-18,25-34,Australia,Male,Social Media
2704,2025-10-19,18-24,Canada,Female,Organic Search
2705,2026-01-30,25-34,Australia,Female,Paid Ads
2706,2025-08-13,25-34,Australia,Male,Referral
2707,2026-06-08,25-34,India,Female,Social Media
2708,2025-10-25,25-34,India,Male,Organic Search
2709,2026-01-16,18-24,India,Male,Referral
2710,2025-12-15,35-44,India,Male,Organic Search
2711,2025-09-20,18-24,USA,Female,Social Media
2712,2026-07-03,25-34,India,Male,Referral
2713,2026-06-06,18-24,USA,Non-binary,Referral
2714,2026-02-15,35-44,India,Male,Organic Search
2715,2026-06-27,25-34,India,Female,Social Media
2716,2026-04-25,35-44,India,Female,Organic Search
2717,2025-12-28,18-24,UK,Male,Organic Search
2718,2025-11-22,18-24,India,Male,Referral
2719,2025-12-27,18-24,India,Female,Organic Search
2720,2026-04-17,25-34,USA,Male,Social Media
2721,2025-11-04,25-34,USA,Female,Organic Search
2722,2025-08-25,35-44,India,Female,Organic Search
2723,2025-12-11,25-34,India,Female,Referral
2724,2026-01-27,18-24,USA,Female,Referral
2725,2026-06-23,35-44,India,Female,Organic Search
2726,2025-10-01,25-34,India,Male,Social Media
2727,2026-05-18,18-24,India,Female,Organic Search
2728,2026-07-22,25-34,USA,Male,Referral
2729,2026-07-12,25-34,Canada,Male,Social Media
2730,2025-08-22,18-24,USA,Male,Paid Ads
2731,2026-01-14,18-24,India,Male,Organic Search
2732,2025-11-08,35-44,India,Female,Social Media
2733,2026-06-02,25-34,Canada,Male,Organic Search
2734,2025-11-24,18-24,USA,Male,Paid Ads
2735,2026-02-15,35-44,UK,Female,Social Media
2736,2025-07-30,25-34,UK,Female,Social Media
2737,2025-10-09,18-24,India,Female,Referral
2738,2026-02-19,45+,Australia,Male,Paid Ads
2739,2025-11-16,35-44,India,Male,Paid Ads
2740,2026-03-12,45+,India,Female,Referral
2741,2026-01-13,25-34,India,Male,Organic Search
2742,2026-03-01,35-44,India,Male,Organic Search
2743,2026-01-24,18-24,India,Male,Social Media
2744,2026-05-06,35-44,India,Male,Organic Search
2745,2025-10-07,25-34,USA,Female,Paid Ads
2746,2026-06-22,25-34,Canada,Female,Referral
2747,2026-05-02,18-24,India,Female,Organic Search
2748,2025-10-25,35-44,Canada,Female,Referral
2749,2025-07-30,25-34,India,Male,Social Media
2750,2025-12-25,25-34,USA,Male,Social Media
2751,2025-10-21,35-44,India,Male,Referral
2752,2025-12-01,25-34,UK,Female,Social Media
2753,2026-05-31,18-24,India,Male,Social Media
2754,2026-06-14,18-24,USA,Male,Organic Search
2755,2026-07-11,25-34,Canada,Male,Paid Ads
2756,2025-07-28,25-34,India,Female,Referral
2757,2026-03-25,25-34,India,Female,Organic Search
2758,2026-06-03,35-44,Canada,Male,Organic Search
2759,2026-04-20,25-34,India,Male,Social Media
2760,2025-09-04,45+,India,Female,Organic Search
2761,2026-02-06,18-24,USA,Female,Referral
2762,2025-10-23,25-34,India,Male,Organic Search
2763,2026-01-24,25-34,India,Female,Paid Ads
2764,2025-08-18,25-34,India,Female,Organic Search
2765,2026-07-27,18-24,Australia,Female,Organic Search
2766,2026-04-14,35-44,UK,Male,Organic Search
2767,2025-08-31,18-24,India,Female,Organic Search
2768,2026-06-30,35-44,USA,Male,Organic Search
2769,2026-06-21,18-24,Canada,Female,Organic Search
2770,2026-02-03,25-34,India,Male,Social Media
2771,2026-04-10,25-34,India,Male,Referral
2772,2025-12-11,18-24,India,Male,Referral
2773,2026-07-19,25-34,India,Male,Paid Ads
2774,2025-08-28,25-34,India,Female,Referral
2775,2025-08-31,25-34,India,Male,Organic Search
2776,2025-09-14,25-34,India,Non-binary,Social Media
2777,2026-05-24,35-44,India,Prefer not to say,Organic Search
2778,2025-08-24,35-44,UK,Male,Organic Search
2779,2026-02-20,45+,India,Female,Referral
2780,2026-01-03,35-44,India,Male,Organic Search
2781,2026-07-15,18-24,India,Female,Referral
2782,2025-10-22,18-24,UK,Male,Social Media
2783,2025-10-31,35-44,India,Female,Referral
2784,2025-11-20,18-24,USA,Female,Paid Ads
2785,2026-05-17,25-34,India,Male,Organic Search
2786,2026-04-10,25-34,India,Male,Social Media
2787,2026-04-23,45+,India,Male,Organic Search
2788,2025-11-21,18-24,India,Male,Referral
2789,2025-11-04,35-44,USA,Female,Organic Search
2790,2025-08-24,25-34,Australia,Male,Organic Search
2791,2025-10-10,18-24,India,Male,Referral
2792,2026-05-09,18-24,USA,Female,Organic Search
2793,2026-02-27,18-24,Canada,Non-binary,Social Media
2794,2025-09-22,25-34,India,Male,Paid Ads
2795,2025-09-26,25-34,India,Male,Social Media
2796,2026-01-14,18-24,USA,Male,Organic Search
2797,2025-12-23,25-34,Australia,Male,Paid Ads
2798,2026-02-09,25-34,India,Male,Paid Ads
2799,2026-07-16,18-24,USA,Female,Organic Search
2800,2025-10-11,18-24,Australia,Female,Organic Search
2801,2025-11-17,18-24,UK,Female,Social Media
2802,2025-11-01,25-34,UK,Male,Social Media
2803,2025-09-09,18-24,India,Male,Referral
2804,2025-09-23,45+,UK,Male,Social Media
2805,2026-04-05,25-34,Canada,Female,Social Media
2806,2026-05-26,35-44,India,Female,Organic Search
2807,2026-04-09,18-24,India,Male,Social Media
2808,2025-08-11,18-24,Australia,Male,Social Media
2809,2026-05-29,45+,India,Female,Social Media
2810,2025-11-24,18-24,USA,Prefer not to say,Social Media
2811,2025-08-30,25-34,Australia,Male,Organic Search
2812,2025-10-26,25-34,India,Male,Organic Search
2813,2025-12-05,25-34,Canada,Female,Social Media
2814,2026-01-31,35-44,Canada,Male,Organic Search
2815,2026-04-01,35-44,India,Female,Paid Ads
2816,2025-10-31,18-24,India,Female,Organic Search
2817,2026-07-25,25-34,India,Female,Paid Ads
2818,2025-08-08,35-44,Australia,Female,Organic Search
2819,2025-12-23,25-34,India,Female,Organic Search
2820,2026-01-09,25-34,Australia,Male,Organic Search
2821,2026-04-27,25-34,Canada,Prefer not to say,Referral
2822,2025-10-27,18-24,India,Male,Referral
2823,2026-01-13,18-24,UK,Female,Social Media
2824,2026-05-18,18-24,India,Female,Organic Search
2825,2025-09-17,25-34,Canada,Female,Organic Search
2826,2025-08-01,25-34,India,Female,Social Media
2827,2026-05-27,18-24,India,Male,Referral
2828,2026-07-22,35-44,India,Male,Social Media
2829,2025-09-13,18-24,Australia,Female,Organic Search
2830,2026-05-25,18-24,USA,Male,Referral
2831,2025-12-11,25-34,India,Male,Organic Search
2832,2026-03-15,25-34,UK,Female,Social Media
2833,2026-03-20,25-34,UK,Male,Organic Search
2834,2026-02-26,18-24,India,Male,Organic Search
2835,2025-10-30,45+,India,Female,Social Media
2836,2026-05-21,25-34,India,Female,Social Media
2837,2025-08-04,18-24,India,Male,Social Media
2838,2025-08-20,18-24,India,Male,Social Media
2839,2026-06-23,18-24,UK,Female,Paid Ads
2840,2026-01-06,25-34,USA,Male,Organic Search
2841,2025-09-13,18-24,Canada,Male,Organic Search
2842,2026-06-24,35-44,India,Male,Social Media
2843,2026-05-27,18-24,Canada,Male,Paid Ads
2844,2025-11-26,18-24,India,Male,Organic Search
2845,2025-08-12,35-44,UK,Female,Organic Search
2846,2026-01-12,25-34,Australia,Female,Referral
2847,2025-09-27,35-44,UK,Female,Organic Search
2848,2026-02-23,18-24,USA,Male,Organic Search
2849,2026-05-24,18-24,India,Female,Social Media
2850,2025-12-19,25-34,Canada,Non-binary,Organic Search
2851,2025-08-07,25-34,India,Male,Referral
2852,2026-04-04,25-34,USA,Male,Social Media
2853,2025-09-29,25-34,India,Female,Social Media
2854,2025-10-14,18-24,India,Female,Organic Search
2855,2025-10-04,35-44,India,Male,Organic Search
2856,2025-11-07,25-34,USA,Male,Social Media
2857,2026-06-16,35-44,India,Female,Organic Search
2858,2025-08-09,18-24,India,Male,Social Media
2859,2026-03-11,18-24,India,Female,Social Media
2860,2025-10-25,35-44,India,Female,Referral
2861,2025-11-13,18-24,Canada,Female,Social Media
2862,2025-12-25,18-24,UK,Female,Social Media
2863,2026-02-14,18-24,India,Female,Paid Ads
2864,2025-08-19,18-24,Canada,Male,Organic Search
2865,2025-11-07,25-34,India,Male,Paid Ads
2866,2025-09-16,45+,India,Male,Paid Ads
2867,2025-10-09,25-34,India,Male,Social Media
2868,2026-06-16,18-24,Australia,Male,Social Media
2869,2026-02-05,25-34,India,Female,Referral
2870,2026-03-15,18-24,India,Male,Social Media
2871,2026-05-17,18-24,India,Female,Social Media
2872,2026-05-14,18-24,India,Female,Referral
2873,2026-07-25,35-44,USA,Male,Paid Ads
2874,2026-05-10,45+,USA,Female,Referral
2875,2025-12-06,18-24,Australia,Male,Referral
2876,2026-02-12,18-24,India,Male,Organic Search
2877,2026-01-21,25-34,India,Male,Organic Search
2878,2026-06-27,25-34,UK,Male,Paid Ads
2879,2026-01-27,25-34,Canada,Non-binary,Referral
2880,2025-12-17,18-24,UK,Male,Referral
2881,2025-10-01,18-24,India,Male,Referral
2882,2025-11-21,18-24,USA,Male,Organic Search
2883,2025-10-16,25-34,Canada,Male,Organic Search
2884,2026-06-20,18-24,India,Female,Social Media
2885,2026-05-08,45+,India,Female,Social Media
2886,2025-08-18,35-44,India,Male,Social Media
2887,2026-07-25,25-34,India,Female,Organic Search
2888,2026-02-06,25-34,Australia,Male,Organic Search
2889,2026-05-04,25-34,India,Female,Social Media
2890,2026-07-28,18-24,India,Male,Organic Search
2891,2026-07-19,18-24,India,Female,Referral
2892,2025-09-02,18-24,India,Male,Organic Search
2893,2026-03-25,35-44,India,Female,Referral
2894,2025-11-02,18-24,Canada,Female,Social Media
2895,2026-05-22,35-44,India,Male,Social Media
2896,2026-06-28,18-24,USA,Female,Organic Search
2897,2025-08-17,25-34,India,Male,Social Media
2898,2026-07-27,25-34,India,Male,Social Media
2899,2025-10-16,35-44,India,Male,Social Media
2900,2026-06-02,18-24,India,Female,Referral
2901,2026-05-15,25-34,USA,Female,Referral
2902,2025-12-04,25-34,Australia,Female,Social Media
2903,2026-05-31,35-44,Canada,Male,Paid Ads
2904,2026-06-02,25-34,Australia,Female,Referral
2905,2025-09-30,25-34,India,Male,Referral
2906,2026-03-01,25-34,USA,Male,Social Media
2907,2026-05-19,18-24,India,Female,Referral
2908,2026-04-09,25-34,India,Female,Organic Search
2909,2026-06-27,35-44,India,Male,Social Media
2910,2025-08-07,18-24,India,Female,Organic Search
2911,2026-04-10,25-34,USA,Female,Social Media
2912,2026-07-09,25-34,Canada,Female,Organic Search
2913,2026-02-19,35-44,India,Male,Organic Search
2914,2026-02-19,25-34,Canada,Female,Social Media
2915,2025-10-04,45+,India,Male,Organic Search
2916,2026-07-24,18-24,India,Male,Organic Search
2917,2026-06-15,45+,India,Male,Organic Search
2918,2026-01-24,35-44,India,Female,Organic Search
2919,2025-11-18,25-34,UK,Female,Organic Search
2920,2026-01-23,25-34,India,Male,Organic Search
2921,2025-08-30,35-44,India,Male,Paid Ads
2922,2025-10-21,25-34,India,Female,Organic Search
2923,2025-10-16,25-34,USA,Female,Organic Search
2924,2026-02-05,18-24,Australia,Female,Organic Search
2925,2025-07-28,18-24,India,Male,Organic Search
2926,2026-06-28,35-44,India,Female,Organic Search
2927,2025-10-09,45+,Canada,Male,Referral
2928,2025-09-13,18-24,Australia,Male,Social Media
2929,2026-04-16,25-34,India,Female,Organic Search
2930,2026-06-29,25-34,India,Male,Organic Search
2931,2026-06-02,25-34,India,Male,Social Media
2932,2025-11-23,35-44,India,Female,Referral
2933,2025-08-05,25-34,India,Male,Organic Search
2934,2026-02-27,18-24,Australia,Non-binary,Referral
2935,2026-06-28,35-44,India,Female,Organic Search
2936,2026-05-07,18-24,India,Male,Social Media
2937,2026-06-02,35-44,India,Male,Referral
2938,2026-06-08,18-24,Canada,Male,Referral
2939,2026-07-14,35-44,India,Male,Social Media
2940,2025-12-11,25-34,India,Male,Referral
2941,2026-07-07,18-24,Australia,Male,Social Media
2942,2025-12-19,45+,Canada,Female,Organic Search
2943,2025-09-02,25-34,USA,Male,Social Media
2944,2025-11-15,35-44,India,Female,Organic Search
2945,2025-09-15,25-34,UK,Male,Referral
2946,2025-09-23,35-44,India,Male,Organic Search
2947,2026-07-10,45+,India,Male,Organic Search
2948,2026-05-13,25-34,Canada,Male,Organic Search
2949,2026-07-14,18-24,USA,Male,Paid Ads
2950,2026-03-22,25-34,India,Female,Referral
2951,2025-09-29,35-44,India,Male,Social Media
2952,2026-07-17,25-34,Australia,Male,Paid Ads
2953,2026-04-07,25-34,India,Male,Organic Search
2954,2026-07-02,18-24,India,Female,Organic Search
2955,2026-05-12,18-24,USA,Female,Organic Search
2956,2025-10-17,25-34,Canada,Female,Social Media
2957,2026-02-28,18-24,USA,Female,Organic Search
2958,2025-09-30,18-24,UK,Female,Organic Search
2959,2025-11-17,35-44,India,Female,Social Media
2960,2026-04-05,25-34,USA,Female,Organic Search
2961,2025-09-12,25-34,India,Male,Social Media
2962,2026-04-20,45+,India,Male,Social Media
2963,2026-07-10,18-24,USA,Male,Referral
2964,2026-07-10,18-24,India,Prefer not to say,Organic Search
2965,2025-12-18,35-44,India,Male,Paid Ads
2966,2026-07-26,45+,India,Female,Organic Search
2967,2026-07-16,18-24,UK,Male,Social Media
2968,2025-08-08,18-24,Canada,Female,Referral
2969,2026-03-05,25-34,India,Female,Social Media
2970,2026-06-30,25-34,India,Male,Social Media
2971,2026-07-17,25-34,Canada,Female,Organic Search
2972,2025-10-16,45+,USA,Female,Organic Search
2973,2026-02-19,45+,Australia,Male,Paid Ads
2974,2026-07-05,45+,Canada,Male,Organic Search
2975,2025-09-17,45+,India,Male,Social Media
2976,2026-04-26,18-24,Australia,Female,Paid Ads
2977,2025-10-23,18-24,India,Male,Referral
2978,2026-07-22,35-44,Canada,Female,Organic Search
2979,2025-09-27,35-44,USA,Male,Organic Search
2980,2026-06-17,35-44,India,Non-binary,Organic Search
2981,2025-08-29,35-44,India,Female,Paid Ads
2982,2026-04-13,18-24,India,Female,Referral
2983,2026-03-18,18-24,India,Male,Organic Search
2984,2026-06-17,25-34,India,Female,Organic Search
2985,2026-01-07,18-24,UK,Male,Organic Search
2986,2025-11-02,45+,Australia,Male,Organic Search
2987,2025-10-27,45+,India,Female,Organic Search
2988,2025-08-21,25-34,USA,Female,Social Media
2989,2025-10-29,35-44,UK,Male,Organic Search
2990,2025-09-05,45+,USA,Female,Organic Search
2991,2025-07-28,35-44,USA,Female,Paid Ads
2992,2025-12-16,25-34,USA,Female,Organic Search
2993,2026-04-22,25-34,India,Male,Social Media
2994,2026-07-17,25-34,Canada,Prefer not to say,Organic Search
2995,2026-06-16,18-24,Canada,Male,Social Media
2996,2026-01-24,25-34,USA,Male,Referral
2997,2025-12-13,25-34,USA,Female,Organic Search
2998,2026-02-12,25-34,Australia,Male,Social Media
2999,2025-09-03,25-34,UK,Female,Social Media
3000,2026-01-19,18-24,UK,Male,Social Media
3001,2026-06-09,35-44,India,Male,Referral
3002,2026-03-23,18-24,UK,Female,Social Media
3003,2026-04-05,25-34,Australia,Female,Social Media
3004,2025-09-25,35-44,USA,Male,Social Media
3005,2025-08-23,18-24,Australia,Male,Paid Ads
3006,2026-06-02,35-44,UK,Female,Organic Search
3007,2025-11-12,35-44,India,Non-binary,Organic Search
3008,2025-11-21,25-34,India,Male,Paid Ads
3009,2026-07-11,18-24,UK,Male,Referral
3010,2025-08-24,25-34,India,Male,Organic Search
3011,2025-09-28,35-44,Canada,Female,Organic Search
3012,2025-12-12,25-34,UK,Female,Organic Search
3013,2026-04-21,35-44,India,Female,Social Media
3014,2026-02-13,18-24,India,Male,Organic Search
3015,2026-06-21,18-24,UK,Male,Referral
3016,2025-08-31,35-44,UK,Female,Organic Search
3017,2026-03-02,18-24,USA,Female,Referral
3018,2026-03-09,25-34,UK,Female,Organic Search
3019,2026-01-20,25-34,India,Male,Social Media
3020,2025-08-08,35-44,India,Male,Referral
3021,2026-07-07,25-34,India,Female,Organic Search
3022,2025-09-26,45+,Canada,Female,Organic Search
3023,2026-06-18,25-34,India,Prefer not to say,Social Media
3024,2025-09-23,18-24,India,Female,Organic Search
3025,2025-09-03,25-34,Canada,Prefer not to say,Organic Search
3026,2025-10-11,18-24,USA,Male,Organic Search
3027,2025-10-05,18-24,India,Female,Referral
3028,2026-04-09,25-34,USA,Female,Social Media
3029,2026-04-18,35-44,USA,Female,Referral
3030,2026-04-21,45+,UK,Female,Paid Ads
3031,2025-11-02,35-44,India,Male,Paid Ads
3032,2025-11-08,45+,India,Male,Paid Ads
3033,2025-10-22,18-24,Canada,Prefer not to say,Organic Search
3034,2025-08-15,25-34,India,Prefer not to say,Referral
3035,2026-02-22,25-34,India,Male,Referral
3036,2026-05-31,25-34,UK,Female,Social Media
3037,2025-09-22,25-34,Australia,Male,Social Media
3038,2025-12-07,18-24,USA,Female,Social Media
3039,2025-12-31,45+,India,Female,Social Media
3040,2025-11-12,18-24,India,Female,Organic Search
3041,2026-03-27,25-34,India,Female,Social Media
3042,2026-03-04,45+,UK,Female,Social Media
3043,2025-10-09,25-34,Australia,Prefer not to say,Organic Search
3044,2025-08-06,25-34,India,Female,Organic Search
3045,2025-09-28,25-34,Canada,Female,Organic Search
3046,2025-11-11,25-34,USA,Male,Organic Search
3047,2025-08-26,25-34,UK,Male,Organic Search
3048,2026-06-01,45+,USA,Female,Referral
3049,2025-11-17,25-34,India,Female,Referral
3050,2025-12-20,18-24,India,Female,Social Media
3051,2026-01-23,18-24,India,Female,Social Media
3052,2026-03-26,45+,India,Male,Social Media
3053,2025-08-30,18-24,India,Male,Organic Search
3054,2026-02-12,25-34,Canada,Female,Organic Search
3055,2025-10-03,25-34,India,Prefer not to say,Social Media
3056,2026-06-17,18-24,UK,Female,Organic Search
3057,2025-12-10,25-34,Australia,Male,Organic Search
3058,2026-01-07,18-24,Australia,Female,Organic Search
3059,2025-11-01,25-34,India,Female,Social Media
3060,2026-01-14,35-44,Australia,Male,Social Media
3061,2025-10-18,18-24,India,Male,Referral
3062,2025-11-03,35-44,USA,Female,Referral
3063,2025-08-19,25-34,Canada,Male,Organic Search
3064,2026-04-29,35-44,India,Male,Social Media
3065,2026-03-29,45+,Australia,Female,Organic Search
3066,2025-08-28,18-24,India,Male,Social Media
3067,2025-11-30,35-44,India,Female,Paid Ads
3068,2026-02-11,35-44,Australia,Female,Social Media
3069,2026-07-18,25-34,India,Male,Social Media
3070,2026-02-28,18-24,India,Male,Referral
3071,2026-02-15,18-24,India,Male,Paid Ads
3072,2026-05-31,35-44,Canada,Female,Referral
3073,2026-05-23,35-44,India,Female,Social Media
3074,2025-12-28,18-24,India,Female,Social Media
3075,2026-02-08,25-34,India,Male,Organic Search
3076,2026-06-10,25-34,India,Female,Social Media
3077,2026-01-17,25-34,India,Male,Organic Search
3078,2026-06-15,25-34,USA,Male,Paid Ads
3079,2026-01-18,35-44,UK,Female,Social Media
3080,2025-08-25,18-24,Australia,Male,Social Media
3081,2026-06-23,35-44,India,Female,Referral
3082,2026-04-15,25-34,India,Male,Organic Search
3083,2026-01-27,45+,India,Female,Referral
3084,2026-06-22,25-34,India,Male,Organic Search
3085,2026-05-16,25-34,Australia,Male,Paid Ads
3086,2026-04-01,35-44,UK,Male,Organic Search
3087,2026-03-12,18-24,USA,Male,Paid Ads
3088,2025-09-10,18-24,USA,Female,Organic Search
3089,2026-05-01,18-24,Canada,Female,Paid Ads
3090,2025-09-29,45+,Canada,Male,Referral
3091,2026-07-23,18-24,India,Male,Social Media
3092,2026-07-18,35-44,India,Female,Referral
3093,2026-05-19,25-34,India,Female,Referral
3094,2025-09-12,18-24,USA,Male,Social Media
3095,2025-12-29,18-24,Australia,Female,Social Media
3096,2026-07-24,25-34,USA,Male,Social Media
3097,2026-01-03,25-34,USA,Male,Social Media
3098,2026-07-28,18-24,Australia,Female,Organic Search
3099,2026-03-14,18-24,Australia,Male,Social Media
3100,2026-05-29,45+,India,Female,Organic Search
3101,2025-10-30,25-34,India,Male,Referral
3102,2026-06-26,35-44,Australia,Female,Social Media
3103,2026-06-27,18-24,Australia,Male,Organic Search
3104,2025-08-21,18-24,Canada,Male,Referral
3105,2025-12-17,35-44,India,Female,Social Media
3106,2025-12-20,18-24,USA,Male,Paid Ads
3107,2025-11-24,35-44,India,Male,Organic Search
3108,2025-11-06,25-34,Australia,Male,Paid Ads
3109,2026-01-11,35-44,India,Male,Social Media
3110,2026-06-12,25-34,India,Male,Organic Search
3111,2026-05-11,18-24,India,Female,Social Media
3112,2026-03-13,35-44,India,Male,Social Media
3113,2026-02-04,25-34,India,Non-binary,Organic Search
3114,2025-12-28,25-34,India,Female,Social Media
3115,2025-12-26,18-24,Australia,Male,Organic Search
3116,2025-09-20,18-24,India,Male,Social Media
3117,2026-02-28,35-44,UK,Male,Organic Search
3118,2026-05-01,25-34,USA,Male,Social Media
3119,2026-07-06,35-44,Australia,Female,Organic Search
3120,2026-07-01,25-34,India,Female,Social Media
3121,2026-02-18,25-34,India,Prefer not to say,Social Media
3122,2025-09-02,35-44,India,Female,Organic Search
3123,2025-11-09,18-24,USA,Male,Paid Ads
3124,2026-02-09,45+,Canada,Male,Organic Search
3125,2025-11-30,35-44,India,Male,Referral
3126,2025-12-25,25-34,India,Male,Referral
3127,2025-12-15,25-34,Australia,Male,Social Media
3128,2026-01-21,25-34,India,Male,Organic Search
3129,2026-03-07,18-24,India,Female,Organic Search
3130,2025-08-10,18-24,India,Male,Referral
3131,2025-11-05,25-34,USA,Female,Social Media
3132,2025-09-18,35-44,India,Female,Organic Search
3133,2026-03-07,18-24,India,Female,Organic Search
3134,2026-04-07,35-44,UK,Female,Organic Search
3135,2025-08-11,18-24,USA,Male,Organic Search
3136,2026-06-18,25-34,India,Male,Social Media
3137,2025-11-26,25-34,USA,Male,Referral
3138,2025-10-22,25-34,India,Male,Referral
3139,2026-04-26,18-24,India,Male,Referral
3140,2026-06-30,18-24,Australia,Male,Paid Ads
3141,2026-06-21,25-34,UK,Female,Social Media
3142,2025-08-04,35-44,India,Male,Referral
3143,2026-05-23,18-24,Canada,Male,Paid Ads
3144,2025-11-15,18-24,India,Male,Referral
3145,2025-11-07,25-34,Australia,Female,Referral
3146,2026-01-23,25-34,UK,Male,Organic Search
3147,2026-04-08,25-34,Australia,Male,Social Media
3148,2025-09-01,25-34,USA,Male,Social Media
3149,2026-06-11,25-34,Australia,Female,Paid Ads
3150,2025-09-15,45+,USA,Male,Social Media
3151,2026-07-19,35-44,India,Male,Organic Search
3152,2026-01-06,18-24,India,Female,Referral
3153,2026-05-26,45+,USA,Male,Referral
3154,2025-11-03,45+,Australia,Female,Referral
3155,2025-12-27,45+,Canada,Male,Organic Search
3156,2026-03-21,18-24,India,Male,Paid Ads
3157,2025-10-04,35-44,USA,Non-binary,Organic Search
3158,2025-10-13,25-34,Australia,Male,Social Media
3159,2026-05-25,35-44,India,Female,Social Media
3160,2026-04-25,18-24,Canada,Male,Organic Search
3161,2026-05-01,25-34,Australia,Female,Paid Ads
3162,2026-06-10,18-24,India,Male,Social Media
3163,2026-05-24,25-34,India,Female,Referral
3164,2026-02-01,25-34,India,Female,Organic Search
3165,2025-09-24,45+,USA,Female,Organic Search
3166,2025-11-18,25-34,Australia,Male,Organic Search
3167,2026-01-29,25-34,USA,Male,Referral
3168,2025-09-15,35-44,UK,Male,Organic Search
3169,2026-06-04,45+,UK,Female,Social Media
3170,2026-06-14,18-24,Australia,Female,Organic Search
3171,2025-08-07,25-34,India,Female,Organic Search
3172,2025-10-06,35-44,Canada,Male,Organic Search
3173,2026-05-28,25-34,India,Female,Referral
3174,2026-05-30,35-44,India,Male,Referral
3175,2025-10-27,35-44,USA,Male,Social Media
3176,2026-01-11,35-44,India,Female,Referral
3177,2026-06-28,18-24,India,Female,Organic Search
3178,2026-04-11,25-34,India,Male,Paid Ads
3179,2025-11-05,18-24,UK,Male,Organic Search
3180,2026-05-25,18-24,India,Female,Social Media
3181,2026-01-28,18-24,Australia,Female,Organic Search
3182,2026-03-17,18-24,USA,Female,Organic Search
3183,2025-09-11,18-24,India,Male,Organic Search
3184,2025-08-08,18-24,India,Non-binary,Social Media
3185,2025-12-11,25-34,India,Male,Organic Search
3186,2026-03-02,45+,India,Female,Social Media
3187,2025-09-30,25-34,India,Male,Social Media
3188,2026-06-11,35-44,UK,Female,Social Media
3189,2026-02-27,45+,India,Female,Organic Search
3190,2025-12-03,18-24,India,Female,Social Media
3191,2025-09-25,35-44,India,Female,Referral
3192,2026-06-20,18-24,UK,Male,Social Media
3193,2026-04-28,35-44,India,Female,Social Media
3194,2026-04-06,18-24,India,Female,Social Media
3195,2025-11-09,25-34,India,Female,Referral
3196,2025-12-16,18-24,Australia,Male,Social Media
3197,2025-09-25,18-24,India,Male,Social Media
3198,2026-02-22,35-44,Canada,Non-binary,Social Media
3199,2026-07-16,35-44,India,Male,Referral
3200,2026-06-06,25-34,India,Male,Organic Search
3201,2026-03-21,45+,USA,Male,Organic Search
3202,2026-04-02,35-44,USA,Male,Social Media
3203,2025-11-03,18-24,India,Male,Organic Search
3204,2025-12-24,18-24,India,Male,Organic Search
3205,2025-08-04,45+,India,Male,Social Media
3206,2026-05-09,25-34,India,Female,Organic Search
3207,2026-05-04,45+,India,Non-binary,Organic Search
3208,2025-07-31,18-24,India,Male,Organic Search
3209,2026-06-26,45+,Canada,Male,Organic Search
3210,2026-03-21,18-24,India,Female,Social Media
3211,2026-03-05,25-34,India,Male,Organic Search
3212,2025-07-31,25-34,Canada,Female,Organic Search
3213,2025-10-28,45+,India,Male,Social Media
3214,2026-05-18,18-24,India,Male,Referral
3215,2025-11-16,18-24,Australia,Non-binary,Referral
3216,2026-07-16,25-34,USA,Male,Organic Search
3217,2026-03-20,18-24,India,Female,Paid Ads
3218,2025-12-30,18-24,USA,Male,Referral
3219,2025-12-12,25-34,India,Male,Social Media
3220,2025-12-02,18-24,UK,Female,Organic Search
3221,2025-10-28,25-34,USA,Female,Paid Ads
3222,2026-01-14,18-24,India,Female,Referral
3223,2026-04-01,18-24,India,Female,Organic Search
3224,2026-05-25,18-24,USA,Male,Referral
3225,2025-12-20,25-34,India,Male,Organic Search
3226,2025-09-03,45+,USA,Female,Referral
3227,2026-01-31,25-34,Australia,Female,Organic Search
3228,2026-03-27,25-34,UK,Male,Referral
3229,2026-06-01,18-24,UK,Male,Referral
3230,2025-12-11,18-24,India,Male,Organic Search
3231,2026-03-21,25-34,UK,Male,Social Media
3232,2026-03-07,35-44,India,Female,Social Media
3233,2025-11-14,25-34,UK,Male,Organic Search
3234,2025-09-05,18-24,UK,Male,Organic Search
3235,2025-08-20,18-24,Australia,Male,Referral
3236,2026-07-24,25-34,India,Male,Referral
3237,2026-03-19,25-34,USA,Female,Organic Search
3238,2026-06-08,18-24,Canada,Male,Organic Search
3239,2025-10-31,25-34,USA,Female,Organic Search
3240,2026-04-14,25-34,India,Male,Organic Search
3241,2026-06-19,18-24,India,Female,Organic Search
3242,2025-11-14,35-44,Australia,Male,Social Media
3243,2025-09-20,35-44,India,Female,Social Media
3244,2026-05-04,25-34,India,Male,Referral
3245,2026-06-22,35-44,India,Male,Paid Ads
3246,2026-05-18,18-24,India,Female,Social Media
3247,2026-05-17,18-24,Canada,Male,Organic Search
3248,2026-03-04,18-24,India,Male,Referral
3249,2026-03-26,25-34,India,Female,Social Media
3250,2026-04-03,18-24,UK,Female,Social Media
3251,2026-04-17,25-34,USA,Male,Social Media
3252,2026-03-24,18-24,USA,Male,Referral
3253,2026-07-28,25-34,India,Female,Organic Search
3254,2025-10-30,18-24,India,Female,Referral
3255,2025-12-28,18-24,USA,Female,Organic Search
3256,2025-12-17,18-24,USA,Male,Organic Search
3257,2025-08-09,18-24,India,Male,Organic Search
3258,2026-04-13,25-34,USA,Female,Social Media
3259,2026-02-22,18-24,India,Female,Referral
3260,2025-10-05,35-44,India,Female,Referral
3261,2026-04-19,35-44,USA,Female,Referral
3262,2025-10-17,25-34,India,Female,Social Media
3263,2026-02-08,35-44,India,Female,Organic Search
3264,2026-05-11,18-24,India,Male,Social Media
3265,2026-06-24,25-34,UK,Male,Organic Search
3266,2026-03-30,35-44,Australia,Female,Social Media
3267,2026-01-29,35-44,USA,Female,Organic Search
3268,2026-06-02,18-24,India,Male,Organic Search
3269,2026-05-31,18-24,India,Male,Social Media
3270,2026-06-13,25-34,Australia,Male,Organic Search
3271,2025-10-02,25-34,Australia,Female,Organic Search
3272,2025-09-01,18-24,USA,Male,Organic Search
3273,2025-09-12,18-24,India,Male,Paid Ads
3274,2025-10-30,45+,Australia,Male,Social Media
3275,2026-05-19,45+,UK,Female,Paid Ads
3276,2026-05-03,18-24,India,Female,Social Media
3277,2025-10-03,35-44,USA,Male,Organic Search
3278,2026-04-02,25-34,India,Female,Organic Search
3279,2025-11-27,25-34,India,Male,Social Media
3280,2025-08-29,25-34,India,Male,Referral
3281,2025-12-05,25-34,Australia,Female,Referral
3282,2026-04-26,25-34,India,Male,Social Media
3283,2025-11-17,45+,India,Female,Referral
3284,2026-05-12,45+,India,Female,Referral
3285,2025-11-26,25-34,UK,Female,Referral
3286,2025-10-31,25-34,India,Male,Organic Search
3287,2025-11-12,35-44,India,Male,Paid Ads
3288,2026-06-04,25-34,India,Male,Social Media
3289,2026-01-16,25-34,USA,Male,Paid Ads
3290,2026-06-10,35-44,India,Female,Referral
3291,2026-02-26,25-34,India,Non-binary,Organic Search
3292,2026-07-08,18-24,India,Female,Social Media
3293,2025-08-23,25-34,India,Female,Referral
3294,2026-06-18,18-24,Australia,Prefer not to say,Organic Search
3295,2026-01-27,18-24,USA,Female,Referral
3296,2026-06-10,25-34,Australia,Female,Referral
3297,2025-12-14,25-34,Canada,Female,Paid Ads
3298,2025-11-14,25-34,India,Female,Organic Search
3299,2025-08-16,25-34,Australia,Female,Social Media
3300,2026-06-05,35-44,India,Male,Referral
3301,2025-09-16,25-34,Australia,Female,Referral
3302,2025-10-09,18-24,India,Male,Referral
3303,2025-12-24,18-24,USA,Male,Referral
3304,2026-02-21,35-44,India,Male,Referral
3305,2026-06-24,25-34,India,Male,Organic Search
3306,2026-01-11,45+,India,Male,Referral
3307,2025-11-20,25-34,India,Female,Organic Search
3308,2026-04-15,18-24,India,Male,Referral
3309,2026-05-09,18-24,India,Female,Social Media
3310,2026-01-22,25-34,India,Female,Organic Search
3311,2026-03-15,25-34,India,Male,Social Media
3312,2025-09-30,25-34,USA,Male,Social Media
3313,2026-03-17,18-24,India,Male,Referral
3314,2025-07-29,35-44,India,Female,Organic Search
3315,2025-11-05,25-34,USA,Male,Paid Ads
3316,2026-05-02,25-34,India,Male,Social Media
3317,2025-09-27,35-44,India,Female,Organic Search
3318,2026-05-03,25-34,UK,Female,Social Media
3319,2026-01-23,25-34,India,Prefer not to say,Organic Search
3320,2026-05-03,18-24,UK,Female,Organic Search
3321,2025-08-29,25-34,India,Male,Referral
3322,2026-03-09,35-44,Australia,Male,Social Media
3323,2026-03-16,25-34,USA,Male,Paid Ads
3324,2025-12-22,25-34,India,Female,Social Media
3325,2026-07-16,25-34,Australia,Male,Organic Search
3326,2025-12-15,18-24,India,Male,Organic Search
3327,2025-08-10,35-44,India,Female,Organic Search
3328,2025-10-08,35-44,Canada,Female,Referral
3329,2025-12-11,18-24,India,Male,Social Media
3330,2025-08-02,35-44,India,Male,Referral
3331,2025-11-22,35-44,India,Male,Referral
3332,2026-05-28,45+,USA,Male,Organic Search
3333,2025-10-05,25-34,India,Female,Social Media
3334,2026-04-01,25-34,India,Male,Organic Search
3335,2026-03-14,25-34,India,Male,Organic Search
3336,2025-10-27,45+,India,Male,Paid Ads
3337,2026-04-07,35-44,Canada,Male,Organic Search
3338,2025-12-01,25-34,USA,Male,Paid Ads
3339,2025-09-13,25-34,India,Male,Referral
3340,2025-12-15,18-24,India,Female,Organic Search
3341,2026-02-28,18-24,India,Female,Organic Search
3342,2025-09-27,18-24,UK,Male,Social Media
3343,2026-05-25,25-34,India,Female,Organic Search
3344,2025-11-14,35-44,Canada,Female,Organic Search
3345,2025-11-11,25-34,India,Male,Organic Search
3346,2026-04-20,25-34,India,Female,Organic Search
3347,2026-03-03,18-24,India,Female,Organic Search
3348,2025-11-28,25-34,Australia,Female,Organic Search
3349,2026-06-17,35-44,Canada,Male,Organic Search
3350,2026-07-27,18-24,India,Male,Referral
3351,2025-11-30,35-44,India,Female,Paid Ads
3352,2026-06-22,25-34,USA,Female,Referral
3353,2025-12-06,18-24,USA,Female,Referral
3354,2025-10-04,25-34,UK,Male,Social Media
3355,2026-07-09,18-24,UK,Male,Organic Search
3356,2026-06-29,18-24,India,Female,Organic Search
3357,2025-12-22,25-34,India,Male,Social Media
3358,2025-10-19,35-44,Australia,Male,Social Media
3359,2026-04-20,18-24,India,Female,Social Media
3360,2025-09-14,25-34,Canada,Female,Social Media
3361,2026-04-22,35-44,USA,Female,Social Media
3362,2026-02-28,25-34,India,Female,Organic Search
3363,2025-09-27,25-34,USA,Male,Organic Search
3364,2025-12-09,18-24,India,Female,Organic Search
3365,2026-03-23,35-44,Australia,Female,Organic Search
3366,2025-08-10,18-24,Canada,Female,Social Media
3367,2026-06-13,18-24,India,Female,Referral
3368,2025-10-29,35-44,India,Female,Organic Search
3369,2026-02-08,25-34,India,Female,Organic Search
3370,2025-08-14,35-44,USA,Male,Referral
3371,2026-07-27,35-44,USA,Male,Referral
3372,2026-03-27,35-44,India,Female,Social Media
3373,2026-03-24,18-24,India,Male,Social Media
3374,2025-08-04,25-34,India,Female,Organic Search
3375,2026-04-06,45+,Canada,Prefer not to say,Organic Search
3376,2025-12-27,18-24,Australia,Female,Social Media
3377,2025-12-14,45+,USA,Male,Social Media
3378,2026-02-13,18-24,India,Male,Paid Ads
3379,2026-01-17,25-34,India,Male,Organic Search
3380,2025-09-22,18-24,India,Female,Organic Search
3381,2026-04-08,35-44,India,Female,Organic Search
3382,2026-03-15,35-44,Australia,Female,Organic Search
3383,2025-11-15,35-44,USA,Male,Organic Search
3384,2026-03-27,25-34,India,Male,Organic Search
3385,2026-03-27,25-34,USA,Male,Social Media
3386,2025-11-03,35-44,India,Female,Organic Search
3387,2026-03-06,18-24,Canada,Female,Organic Search
3388,2025-09-16,25-34,Australia,Male,Referral
3389,2026-05-28,45+,India,Female,Organic Search
3390,2025-09-04,35-44,India,Male,Organic Search
3391,2026-04-17,18-24,India,Male,Organic Search
3392,2025-09-09,18-24,USA,Female,Organic Search
3393,2025-09-07,18-24,India,Male,Referral
3394,2025-09-04,25-34,UK,Male,Social Media
3395,2025-10-08,25-34,India,Male,Referral
3396,2025-10-09,25-34,UK,Female,Organic Search
3397,2025-11-01,25-34,USA,Female,Social Media
3398,2026-02-04,25-34,UK,Female,Social Media
3399,2025-10-09,25-34,UK,Male,Organic Search
3400,2026-04-11,25-34,India,Male,Organic Search
3401,2025-11-13,25-34,India,Male,Paid Ads
3402,2025-08-11,18-24,USA,Male,Referral
3403,2026-01-25,25-34,India,Male,Social Media
3404,2025-10-12,25-34,Australia,Male,Organic Search
3405,2026-07-04,18-24,India,Prefer not to say,Social Media
3406,2025-11-26,18-24,Canada,Female,Social Media
3407,2025-07-29,35-44,Canada,Non-binary,Organic Search
3408,2026-03-30,35-44,India,Female,Organic Search
3409,2026-06-24,25-34,India,Male,Paid Ads
3410,2026-05-29,25-34,India,Female,Organic Search
3411,2026-03-29,35-44,India,Male,Social Media
3412,2025-09-20,18-24,India,Male,Social Media
3413,2025-08-29,35-44,Australia,Female,Organic Search
3414,2026-01-31,25-34,Australia,Female,Organic Search
3415,2026-04-18,35-44,India,Female,Organic Search
3416,2025-09-03,18-24,Canada,Male,Organic Search
3417,2025-10-29,25-34,UK,Female,Organic Search
3418,2025-10-20,45+,India,Male,Referral
3419,2026-07-24,35-44,India,Male,Social Media
3420,2025-11-13,18-24,India,Male,Organic Search
3421,2026-01-13,18-24,Canada,Female,Social Media
3422,2025-09-02,18-24,India,Male,Organic Search
3423,2025-09-29,18-24,USA,Female,Organic Search
3424,2025-08-11,25-34,India,Male,Referral
3425,2025-11-11,25-34,India,Female,Social Media
3426,2026-05-17,25-34,Australia,Female,Organic Search
3427,2025-11-19,25-34,UK,Female,Referral
3428,2026-04-24,25-34,India,Female,Social Media
3429,2025-08-31,35-44,India,Female,Organic Search
3430,2026-05-01,18-24,USA,Male,Organic Search
3431,2025-08-13,25-34,India,Male,Organic Search
3432,2026-06-04,25-34,USA,Male,Referral
3433,2026-03-27,35-44,UK,Female,Organic Search
3434,2025-09-28,18-24,India,Male,Social Media
3435,2025-12-05,25-34,India,Male,Referral
3436,2026-01-04,25-34,India,Male,Paid Ads
3437,2026-03-12,35-44,Australia,Male,Organic Search
3438,2026-06-14,25-34,India,Female,Social Media
3439,2025-08-31,25-34,India,Female,Social Media
3440,2026-05-22,45+,Canada,Male,Organic Search
3441,2025-10-02,18-24,Australia,Male,Paid Ads
3442,2025-12-21,18-24,UK,Male,Organic Search
3443,2026-07-15,18-24,India,Male,Social Media
3444,2025-11-04,35-44,India,Female,Organic Search
3445,2025-12-16,18-24,India,Male,Social Media
3446,2026-06-04,25-34,UK,Male,Referral
3447,2026-05-16,25-34,USA,Male,Paid Ads
3448,2026-03-22,45+,India,Female,Social Media
3449,2026-05-15,25-34,India,Male,Paid Ads
3450,2025-09-07,18-24,India,Male,Organic Search
3451,2026-04-08,18-24,Australia,Male,Social Media
3452,2025-08-18,25-34,Canada,Male,Social Media
3453,2026-07-07,18-24,Australia,Male,Organic Search
3454,2025-09-24,35-44,India,Female,Organic Search
3455,2025-12-27,25-34,Australia,Female,Social Media
3456,2026-03-01,18-24,India,Female,Social Media
3457,2026-05-17,45+,Canada,Female,Organic Search
3458,2026-04-02,25-34,Canada,Female,Organic Search
3459,2025-10-02,25-34,India,Female,Referral
3460,2025-12-13,25-34,USA,Female,Referral
3461,2025-12-06,18-24,Canada,Male,Organic Search
3462,2025-08-07,45+,India,Non-binary,Paid Ads
3463,2026-04-04,18-24,USA,Female,Organic Search
3464,2026-05-30,35-44,USA,Female,Organic Search
3465,2026-07-19,45+,India,Male,Organic Search
3466,2025-09-13,25-34,India,Female,Social Media
3467,2026-06-29,18-24,India,Male,Social Media
3468,2025-09-07,35-44,India,Male,Referral
3469,2025-12-25,25-34,Canada,Male,Social Media
3470,2025-08-13,18-24,Australia,Male,Organic Search
3471,2025-10-31,35-44,India,Female,Social Media
3472,2025-11-20,25-34,Canada,Male,Social Media
3473,2026-04-11,18-24,India,Male,Organic Search
3474,2026-04-02,18-24,India,Female,Organic Search
3475,2026-05-04,25-34,India,Male,Paid Ads
3476,2026-02-24,35-44,USA,Prefer not to say,Organic Search
3477,2026-02-19,18-24,India,Prefer not to say,Organic Search
3478,2026-07-20,25-34,Canada,Male,Social Media
3479,2026-03-30,18-24,Canada,Male,Organic Search
3480,2025-11-28,25-34,Australia,Female,Referral
3481,2026-02-04,18-24,India,Male,Paid Ads
3482,2026-04-10,18-24,USA,Female,Social Media
3483,2025-08-31,35-44,India,Male,Social Media
3484,2026-03-27,18-24,USA,Female,Organic Search
3485,2025-10-26,25-34,USA,Male,Referral
3486,2025-12-01,25-34,USA,Female,Organic Search
3487,2026-04-01,25-34,India,Female,Social Media
3488,2025-12-15,35-44,India,Prefer not to say,Organic Search
3489,2026-05-31,18-24,India,Male,Organic Search
3490,2026-02-17,18-24,USA,Male,Organic Search
3491,2026-07-24,25-34,India,Male,Referral
3492,2025-08-16,25-34,USA,Female,Social Media
3493,2026-03-20,18-24,USA,Female,Social Media
3494,2025-09-23,25-34,Australia,Male,Social Media
3495,2026-06-03,18-24,India,Male,Organic Search
3496,2026-06-04,18-24,Canada,Male,Organic Search
3497,2026-06-11,25-34,USA,Male,Referral
3498,2025-08-24,18-24,India,Male,Paid Ads
3499,2026-01-23,25-34,India,Female,Social Media
3500,2025-10-24,25-34,India,Female,Paid Ads
3501,2026-07-18,25-34,India,Prefer not to say,Organic Search
3502,2025-08-15,35-44,India,Female,Paid Ads
3503,2025-10-17,35-44,UK,Male,Referral
3504,2026-03-20,25-34,UK,Female,Organic Search
3505,2025-12-22,18-24,India,Female,Social Media
3506,2025-10-22,18-24,India,Female,Referral
3507,2026-01-12,25-34,India,Female,Paid Ads
3508,2026-05-17,25-34,USA,Male,Paid Ads
3509,2026-01-08,35-44,India,Female,Social Media
3510,2026-06-06,25-34,UK,Male,Organic Search
3511,2026-01-07,25-34,USA,Female,Social Media
3512,2025-09-09,35-44,Australia,Female,Social Media
3513,2026-01-26,18-24,India,Female,Social Media
3514,2026-03-24,18-24,USA,Male,Organic Search
3515,2025-09-03,35-44,India,Male,Social Media
3516,2025-12-25,18-24,Australia,Male,Organic Search
3517,2026-02-16,25-34,Australia,Female,Organic Search
3518,2025-07-28,35-44,India,Male,Social Media
3519,2025-08-30,45+,UK,Female,Organic Search
3520,2026-03-06,25-34,India,Prefer not to say,Organic Search
3521,2026-03-11,25-34,India,Male,Organic Search
3522,2025-11-16,45+,USA,Male,Social Media
3523,2026-01-30,18-24,USA,Male,Social Media
3524,2025-10-11,45+,India,Male,Referral
3525,2026-03-30,18-24,USA,Female,Social Media
3526,2026-07-10,35-44,India,Male,Organic Search
3527,2025-12-07,45+,India,Female,Social Media
3528,2025-08-16,18-24,Australia,Female,Referral
3529,2025-10-17,18-24,India,Female,Referral
3530,2026-01-10,45+,Australia,Male,Social Media
3531,2026-02-18,18-24,UK,Female,Social Media
3532,2026-03-11,18-24,USA,Male,Organic Search
3533,2026-01-17,35-44,India,Male,Organic Search
3534,2026-03-25,45+,UK,Female,Social Media
3535,2026-04-16,45+,UK,Prefer not to say,Organic Search
3536,2025-09-07,18-24,India,Female,Organic Search
3537,2026-05-01,45+,UK,Male,Organic Search
3538,2025-10-17,25-34,UK,Male,Social Media
3539,2025-11-29,35-44,India,Male,Social Media
3540,2026-05-27,35-44,UK,Male,Paid Ads
3541,2026-07-15,18-24,USA,Female,Social Media
3542,2025-11-11,35-44,India,Female,Organic Search
3543,2026-02-04,18-24,India,Male,Organic Search
3544,2026-04-10,45+,Australia,Female,Social Media
3545,2025-08-13,35-44,Australia,Female,Organic Search
3546,2025-09-26,35-44,USA,Female,Organic Search
3547,2025-09-17,18-24,India,Prefer not to say,Referral
3548,2026-04-16,18-24,USA,Male,Referral
3549,2026-04-18,18-24,India,Female,Organic Search
3550,2025-09-05,35-44,India,Male,Paid Ads
3551,2026-03-08,18-24,India,Male,Organic Search
3552,2025-10-04,18-24,India,Male,Social Media
3553,2026-07-03,18-24,India,Male,Organic Search
3554,2025-12-18,45+,India,Female,Referral
3555,2026-01-11,45+,USA,Female,Organic Search
3556,2026-05-09,18-24,India,Male,Referral
3557,2026-04-16,18-24,India,Female,Organic Search
3558,2025-09-05,18-24,Canada,Female,Social Media
3559,2025-12-26,35-44,Canada,Female,Social Media
3560,2026-07-02,25-34,India,Female,Organic Search
3561,2026-05-30,35-44,UK,Male,Paid Ads
3562,2026-02-28,25-34,USA,Male,Organic Search
3563,2026-05-06,18-24,Australia,Female,Organic Search
3564,2026-01-08,25-34,India,Male,Social Media
3565,2026-03-25,18-24,USA,Female,Referral
3566,2026-07-12,18-24,India,Female,Social Media
3567,2025-09-15,35-44,USA,Male,Organic Search
3568,2026-01-26,25-34,India,Female,Referral
3569,2026-02-07,25-34,Australia,Male,Social Media
3570,2025-08-14,18-24,UK,Female,Organic Search
3571,2026-07-05,25-34,India,Male,Social Media
3572,2026-05-31,18-24,India,Male,Social Media
3573,2026-01-20,25-34,Australia,Male,Organic Search
3574,2026-01-30,35-44,India,Male,Social Media
3575,2026-06-30,25-34,Australia,Male,Organic Search
3576,2025-09-30,18-24,India,Male,Social Media
3577,2026-02-24,18-24,USA,Male,Organic Search
3578,2026-04-21,45+,UK,Female,Social Media
3579,2025-09-12,18-24,India,Female,Social Media
3580,2025-12-16,25-34,UK,Female,Organic Search
3581,2026-03-04,18-24,India,Male,Referral
3582,2026-06-16,35-44,Canada,Male,Social Media
3583,2026-01-28,25-34,USA,Male,Organic Search
3584,2025-12-15,25-34,India,Male,Referral
3585,2026-07-21,35-44,USA,Female,Paid Ads
3586,2026-06-28,25-34,India,Male,Organic Search
3587,2026-05-03,35-44,Canada,Female,Social Media
3588,2025-11-05,18-24,India,Male,Organic Search
3589,2026-07-15,18-24,UK,Male,Referral
3590,2026-07-18,18-24,India,Male,Organic Search
3591,2026-01-09,18-24,Canada,Female,Paid Ads
3592,2025-09-14,18-24,India,Male,Organic Search
3593,2025-12-26,35-44,USA,Male,Paid Ads
3594,2026-04-10,25-34,USA,Male,Organic Search
3595,2026-04-27,25-34,India,Male,Referral
3596,2025-11-14,25-34,India,Male,Organic Search
3597,2026-04-10,45+,India,Female,Organic Search
3598,2026-06-08,18-24,Australia,Female,Referral
3599,2026-04-14,25-34,Australia,Female,Social Media
3600,2026-07-05,45+,India,Female,Organic Search
3601,2026-03-16,25-34,USA,Female,Organic Search
3602,2025-10-09,18-24,India,Male,Referral
3603,2026-03-13,18-24,Canada,Female,Social Media
3604,2025-11-11,25-34,Australia,Female,Organic Search
3605,2025-12-01,25-34,USA,Female,Organic Search
3606,2026-03-31,35-44,India,Female,Social Media
3607,2026-07-22,25-34,India,Female,Social Media
3608,2026-03-22,18-24,Canada,Male,Referral
3609,2026-07-13,18-24,India,Prefer not to say,Organic Search
3610,2026-01-28,25-34,Australia,Male,Organic Search
3611,2026-04-08,25-34,India,Male,Organic Search
3612,2025-11-22,35-44,India,Prefer not to say,Social Media
3613,2025-09-08,35-44,Canada,Male,Paid Ads
3614,2025-12-03,25-34,India,Male,Social Media
3615,2026-01-19,25-34,Australia,Male,Social Media
3616,2026-02-21,18-24,India,Female,Referral
3617,2026-03-29,35-44,India,Prefer not to say,Referral
3618,2025-12-27,35-44,India,Female,Organic Search
3619,2026-04-27,25-34,India,Female,Paid Ads
3620,2026-05-31,35-44,USA,Male,Referral
3621,2025-11-09,45+,USA,Female,Organic Search
3622,2026-06-03,35-44,India,Male,Organic Search
3623,2026-05-19,35-44,India,Male,Organic Search
3624,2026-02-04,25-34,USA,Male,Referral
3625,2025-08-06,25-34,India,Female,Referral
3626,2025-09-19,35-44,India,Female,Referral
3627,2026-03-30,18-24,India,Male,Organic Search
3628,2025-10-09,18-24,Canada,Male,Organic Search
3629,2026-04-28,18-24,India,Male,Social Media
3630,2025-09-24,25-34,India,Female,Referral
3631,2025-11-09,35-44,India,Female,Social Media
3632,2025-10-27,45+,USA,Male,Social Media
3633,2026-05-31,35-44,USA,Female,Organic Search
3634,2026-04-06,25-34,India,Female,Social Media
3635,2025-11-13,18-24,USA,Female,Referral
3636,2026-04-29,35-44,India,Male,Referral
3637,2025-08-08,25-34,India,Female,Referral
3638,2026-05-21,18-24,India,Female,Social Media
3639,2025-09-03,35-44,USA,Male,Social Media
3640,2026-06-10,25-34,Canada,Male,Organic Search
3641,2026-04-24,35-44,UK,Male,Organic Search
3642,2026-06-09,35-44,India,Male,Social Media
3643,2026-04-25,18-24,India,Male,Organic Search
3644,2026-02-18,25-34,Canada,Male,Social Media
3645,2025-10-22,35-44,India,Female,Social Media
3646,2026-05-11,18-24,India,Male,Social Media
3647,2026-05-16,25-34,India,Female,Social Media
3648,2025-11-10,25-34,Australia,Male,Organic Search
3649,2026-03-28,18-24,India,Female,Organic Search
3650,2026-07-02,35-44,India,Male,Referral
3651,2025-12-16,35-44,USA,Male,Organic Search
3652,2026-07-13,45+,India,Female,Social Media
3653,2026-07-20,25-34,UK,Female,Social Media
3654,2025-11-19,25-34,Australia,Male,Social Media
3655,2026-02-15,35-44,India,Male,Organic Search
3656,2025-08-01,18-24,India,Male,Social Media
3657,2025-10-27,25-34,India,Female,Referral
3658,2026-03-12,18-24,Canada,Male,Social Media
3659,2026-05-09,18-24,India,Male,Social Media
3660,2026-06-11,18-24,USA,Male,Organic Search
3661,2026-05-27,18-24,India,Male,Organic Search
3662,2026-06-26,25-34,India,Male,Social Media
3663,2026-04-11,18-24,India,Male,Organic Search
3664,2026-03-22,18-24,USA,Male,Referral
3665,2026-04-30,35-44,India,Male,Referral
3666,2026-02-13,25-34,India,Male,Social Media
3667,2026-03-05,35-44,USA,Female,Referral
3668,2026-05-08,18-24,USA,Female,Paid Ads
3669,2026-07-15,35-44,India,Male,Organic Search
3670,2025-11-12,18-24,India,Male,Referral
3671,2025-09-30,18-24,USA,Female,Organic Search
3672,2026-04-03,25-34,India,Female,Organic Search
3673,2025-10-04,45+,India,Female,Social Media
3674,2025-09-29,25-34,UK,Female,Organic Search
3675,2026-02-01,18-24,India,Male,Social Media
3676,2025-12-13,25-34,India,Male,Social Media
3677,2025-12-31,25-34,UK,Male,Organic Search
3678,2026-02-16,18-24,India,Female,Organic Search
3679,2025-09-13,25-34,India,Male,Organic Search
3680,2026-02-26,35-44,India,Female,Referral
3681,2025-10-29,18-24,Australia,Male,Organic Search
3682,2025-11-25,35-44,UK,Female,Organic Search
3683,2026-04-13,25-34,India,Female,Organic Search
3684,2025-09-22,25-34,India,Female,Paid Ads
3685,2025-09-22,18-24,India,Male,Social Media
3686,2025-11-23,18-24,India,Female,Referral
3687,2025-08-15,25-34,Australia,Female,Referral
3688,2026-07-04,25-34,USA,Female,Organic Search
3689,2026-03-10,45+,India,Non-binary,Social Media
3690,2026-03-27,35-44,India,Female,Organic Search
3691,2026-01-23,25-34,India,Female,Organic Search
3692,2026-02-22,35-44,India,Female,Organic Search
3693,2025-12-06,35-44,India,Male,Referral
3694,2026-05-10,25-34,India,Male,Organic Search
3695,2025-11-21,18-24,USA,Female,Referral
3696,2025-10-16,35-44,India,Female,Organic Search
3697,2025-10-03,25-34,USA,Male,Organic Search
3698,2025-08-21,25-34,India,Male,Referral
3699,2026-01-28,35-44,UK,Female,Paid Ads
3700,2025-12-27,25-34,India,Female,Organic Search
3701,2026-02-09,25-34,India,Female,Social Media
3702,2025-08-30,25-34,Canada,Female,Organic Search
3703,2025-10-16,18-24,Canada,Prefer not to say,Organic Search
3704,2025-10-14,18-24,UK,Male,Organic Search
3705,2025-11-26,25-34,Australia,Male,Organic Search
3706,2025-12-07,25-34,UK,Male,Organic Search
3707,2025-10-15,45+,India,Female,Social Media
3708,2026-04-29,18-24,USA,Male,Organic Search
3709,2026-02-07,35-44,India,Male,Organic Search
3710,2026-07-27,18-24,India,Female,Referral
3711,2026-05-25,18-24,India,Male,Organic Search
3712,2026-07-22,25-34,Canada,Female,Referral
3713,2025-07-31,25-34,India,Female,Paid Ads
3714,2026-03-29,25-34,India,Male,Social Media
3715,2026-01-07,18-24,India,Male,Paid Ads
3716,2026-06-24,25-34,Canada,Male,Social Media
3717,2026-03-09,25-34,UK,Female,Social Media
3718,2026-03-12,35-44,India,Female,Organic Search
3719,2026-07-13,25-34,UK,Male,Social Media
3720,2026-04-03,18-24,India,Female,Organic Search
3721,2025-11-22,18-24,India,Prefer not to say,Social Media
3722,2026-06-28,18-24,India,Female,Organic Search
3723,2026-07-08,35-44,India,Male,Social Media
3724,2025-12-16,18-24,UK,Male,Organic Search
3725,2026-02-10,18-24,Canada,Male,Referral
3726,2025-11-08,25-34,India,Female,Social Media
3727,2026-06-26,35-44,India,Female,Paid Ads
3728,2026-05-24,25-34,Australia,Female,Organic Search
3729,2025-12-12,45+,India,Male,Social Media
3730,2026-05-17,35-44,Australia,Female,Organic Search
3731,2026-01-07,18-24,Canada,Female,Referral
3732,2025-08-13,25-34,India,Male,Social Media
3733,2026-06-21,25-34,India,Male,Organic Search
3734,2025-10-06,25-34,India,Female,Social Media
3735,2026-02-01,45+,USA,Male,Organic Search
3736,2026-07-10,25-34,Australia,Female,Social Media
3737,2025-09-27,18-24,Canada,Male,Social Media
3738,2026-07-12,25-34,Australia,Male,Social Media
3739,2026-02-09,35-44,Canada,Female,Referral
3740,2025-07-30,25-34,UK,Female,Social Media
3741,2025-08-20,35-44,Canada,Male,Social Media
3742,2026-03-30,18-24,UK,Female,Social Media
3743,2026-05-07,25-34,India,Female,Organic Search
3744,2026-06-09,35-44,Canada,Female,Referral
3745,2025-12-30,35-44,Australia,Female,Organic Search
3746,2025-09-04,35-44,Canada,Male,Referral
3747,2026-02-09,35-44,India,Female,Paid Ads
3748,2026-04-11,18-24,USA,Male,Social Media
3749,2026-07-20,18-24,USA,Male,Social Media
3750,2026-05-07,35-44,USA,Male,Organic Search
3751,2026-03-21,25-34,Australia,Male,Social Media
3752,2026-07-06,18-24,USA,Female,Social Media
3753,2026-04-27,35-44,India,Female,Social Media
3754,2025-09-22,18-24,Canada,Male,Organic Search
3755,2026-01-12,18-24,India,Female,Paid Ads
3756,2025-11-26,35-44,USA,Male,Organic Search
3757,2025-08-29,35-44,UK,Male,Referral
3758,2025-08-16,25-34,India,Female,Organic Search
3759,2026-05-14,25-34,USA,Male,Social Media
3760,2026-02-17,35-44,India,Female,Referral
3761,2026-02-23,18-24,Canada,Female,Referral
3762,2025-10-19,35-44,India,Male,Paid Ads
3763,2025-10-30,18-24,Canada,Female,Organic Search
3764,2025-12-17,18-24,USA,Female,Referral
3765,2026-03-15,18-24,Canada,Female,Referral
3766,2026-01-02,18-24,UK,Male,Social Media
3767,2025-08-03,25-34,USA,Female,Organic Search
3768,2026-03-31,45+,India,Non-binary,Organic Search
3769,2026-02-08,18-24,India,Male,Social Media
3770,2026-03-19,35-44,Canada,Male,Paid Ads
3771,2026-03-11,25-34,India,Female,Organic Search
3772,2026-04-30,25-34,India,Female,Organic Search
3773,2026-02-27,25-34,India,Female,Organic Search
3774,2026-04-10,25-34,India,Male,Organic Search
3775,2025-08-23,25-34,India,Male,Organic Search
3776,2026-07-02,25-34,India,Male,Organic Search
3777,2025-09-04,25-34,India,Male,Social Media
3778,2026-05-12,35-44,USA,Female,Organic Search
3779,2025-11-15,25-34,India,Female,Referral
3780,2025-08-28,35-44,Australia,Female,Paid Ads
3781,2026-05-04,25-34,Australia,Male,Referral
3782,2026-01-04,18-24,Australia,Female,Organic Search
3783,2025-12-19,45+,India,Male,Organic Search
3784,2026-03-26,18-24,Australia,Male,Paid Ads
3785,2026-01-17,18-24,Australia,Male,Social Media
3786,2026-02-08,35-44,India,Male,Paid Ads
3787,2025-09-15,35-44,USA,Male,Organic Search
3788,2025-12-18,25-34,India,Male,Referral
3789,2026-05-15,45+,India,Male,Social Media
3790,2026-02-12,45+,India,Male,Social Media
3791,2026-07-14,35-44,India,Male,Social Media
3792,2025-09-18,25-34,India,Female,Organic Search
3793,2026-04-01,35-44,India,Male,Referral
3794,2026-06-27,25-34,India,Male,Social Media
3795,2026-05-14,25-34,Canada,Male,Social Media
3796,2026-04-20,35-44,Australia,Female,Social Media
3797,2025-12-11,25-34,Australia,Male,Referral
3798,2026-07-10,25-34,Canada,Female,Social Media
3799,2026-02-15,35-44,India,Male,Social Media
3800,2026-02-16,45+,India,Female,Referral
3801,2025-09-11,25-34,UK,Female,Organic Search
3802,2025-07-29,25-34,Canada,Female,Social Media
3803,2026-03-03,35-44,Canada,Male,Social Media
3804,2026-02-09,18-24,India,Male,Referral
3805,2026-07-09,45+,India,Female,Social Media
3806,2025-11-16,25-34,India,Female,Paid Ads
3807,2026-04-27,25-34,UK,Male,Paid Ads
3808,2026-06-23,18-24,India,Female,Organic Search
3809,2025-11-30,35-44,India,Male,Social Media
3810,2025-12-26,18-24,Canada,Male,Social Media
3811,2026-03-21,18-24,India,Prefer not to say,Social Media
3812,2026-01-31,25-34,India,Male,Paid Ads
3813,2025-09-24,45+,USA,Male,Organic Search
3814,2025-10-16,18-24,USA,Female,Organic Search
3815,2026-05-29,25-34,India,Male,Social Media
3816,2025-10-07,25-34,India,Female,Referral
3817,2025-10-02,18-24,India,Female,Organic Search
3818,2026-05-16,25-34,India,Male,Referral
3819,2026-06-04,18-24,India,Male,Social Media
3820,2026-06-04,25-34,USA,Female,Paid Ads
3821,2026-07-04,25-34,USA,Female,Organic Search
3822,2026-07-26,18-24,Canada,Male,Referral
3823,2026-01-12,25-34,USA,Female,Organic Search
3824,2026-02-14,25-34,India,Male,Referral
3825,2025-11-11,35-44,USA,Male,Organic Search
3826,2025-08-21,18-24,Canada,Male,Organic Search
3827,2025-09-01,18-24,UK,Female,Organic Search
3828,2026-04-19,25-34,India,Female,Paid Ads
3829,2026-01-22,18-24,USA,Non-binary,Social Media
3830,2025-11-26,25-34,India,Male,Social Media
3831,2025-09-12,35-44,India,Female,Organic Search
3832,2026-03-24,35-44,India,Female,Social Media
3833,2025-09-02,25-34,UK,Female,Social Media
3834,2026-03-11,18-24,USA,Female,Referral
3835,2026-06-22,25-34,USA,Female,Social Media
3836,2025-11-21,35-44,UK,Male,Referral
3837,2026-01-08,18-24,India,Male,Social Media
3838,2026-03-10,18-24,Canada,Male,Referral
3839,2025-11-16,35-44,India,Male,Social Media
3840,2026-02-26,25-34,India,Male,Referral
3841,2026-02-19,25-34,India,Male,Paid Ads
3842,2025-12-08,25-34,UK,Female,Referral
3843,2025-11-20,35-44,India,Female,Social Media
3844,2025-12-31,35-44,USA,Male,Social Media
3845,2025-07-29,18-24,USA,Female,Organic Search
3846,2025-10-26,35-44,UK,Female,Organic Search
3847,2025-10-17,45+,India,Non-binary,Organic Search
3848,2026-04-24,45+,India,Female,Organic Search
3849,2026-01-03,25-34,USA,Male,Referral
3850,2026-05-31,45+,India,Female,Organic Search
3851,2025-09-15,18-24,USA,Female,Paid Ads
3852,2026-04-22,45+,USA,Male,Organic Search
3853,2026-06-14,25-34,USA,Female,Organic Search
3854,2026-01-13,18-24,USA,Male,Social Media
3855,2025-12-06,25-34,USA,Female,Organic Search
3856,2025-11-16,25-34,India,Male,Social Media
3857,2026-02-14,25-34,USA,Male,Organic Search
3858,2025-09-30,35-44,India,Male,Organic Search
3859,2026-03-07,25-34,India,Male,Organic Search
3860,2026-06-01,25-34,India,Female,Referral
3861,2026-06-07,25-34,Canada,Female,Organic Search
3862,2025-09-17,25-34,Canada,Male,Paid Ads
3863,2026-02-10,18-24,Canada,Female,Social Media
3864,2025-11-01,18-24,Australia,Female,Organic Search
3865,2026-06-17,25-34,India,Female,Paid Ads
3866,2025-08-24,18-24,USA,Male,Organic Search
3867,2025-08-24,25-34,India,Male,Organic Search
3868,2025-08-03,18-24,Canada,Female,Referral
3869,2026-01-29,18-24,India,Male,Organic Search
3870,2025-08-08,35-44,Canada,Male,Organic Search
3871,2026-02-25,18-24,UK,Female,Referral
3872,2025-12-23,25-34,India,Male,Organic Search
3873,2026-02-28,25-34,India,Male,Referral
3874,2026-06-24,25-34,India,Male,Social Media
3875,2026-02-14,45+,UK,Male,Referral
3876,2026-02-11,25-34,India,Male,Paid Ads
3877,2026-07-28,35-44,Australia,Female,Social Media
3878,2026-01-16,18-24,India,Female,Referral
3879,2026-05-07,18-24,Canada,Male,Organic Search
3880,2025-12-08,25-34,India,Female,Organic Search
3881,2025-10-17,35-44,Canada,Female,Referral
3882,2026-05-06,35-44,India,Male,Organic Search
3883,2026-04-22,18-24,India,Female,Social Media
3884,2025-11-11,18-24,India,Male,Referral
3885,2026-01-14,25-34,India,Female,Paid Ads
3886,2026-01-30,25-34,India,Female,Paid Ads
3887,2025-12-20,18-24,India,Female,Social Media
3888,2026-01-27,45+,USA,Male,Organic Search
3889,2026-03-27,25-34,India,Female,Organic Search
3890,2026-06-03,25-34,India,Female,Social Media
3891,2026-05-19,35-44,India,Female,Referral
3892,2026-03-09,25-34,India,Male,Organic Search
3893,2025-09-26,18-24,Canada,Male,Organic Search
3894,2026-02-01,18-24,India,Male,Organic Search
3895,2026-01-07,18-24,India,Male,Referral
3896,2025-10-01,25-34,India,Male,Social Media
3897,2026-07-10,25-34,India,Male,Referral
3898,2026-03-26,35-44,India,Male,Referral
3899,2026-07-17,25-34,USA,Female,Organic Search
3900,2026-04-23,35-44,Australia,Male,Social Media
3901,2026-01-20,25-34,UK,Female,Social Media
3902,2025-12-06,35-44,USA,Female,Organic Search
3903,2025-10-16,25-34,India,Male,Organic Search
3904,2026-01-22,25-34,India,Female,Organic Search
3905,2025-08-20,35-44,UK,Female,Social Media
3906,2025-12-10,45+,Australia,Female,Organic Search
3907,2025-08-12,18-24,USA,Female,Social Media
3908,2025-10-11,25-34,Canada,Female,Referral
3909,2026-06-25,35-44,USA,Female,Social Media
3910,2025-12-07,18-24,USA,Male,Organic Search
3911,2026-01-15,25-34,UK,Male,Social Media
3912,2026-01-10,35-44,India,Female,Organic Search
3913,2025-08-13,25-34,India,Female,Referral
3914,2026-07-21,35-44,India,Female,Organic Search
3915,2025-11-23,45+,USA,Male,Organic Search
3916,2026-04-11,35-44,UK,Female,Referral
3917,2026-02-03,18-24,India,Female,Referral
3918,2026-05-27,25-34,India,Male,Organic Search
3919,2026-05-29,18-24,India,Female,Social Media
3920,2025-11-01,25-34,India,Male,Social Media
3921,2026-02-12,35-44,India,Female,Social Media
3922,2025-09-29,35-44,India,Male,Referral
3923,2026-03-24,35-44,India,Female,Organic Search
3924,2025-12-08,35-44,Canada,Female,Organic Search
3925,2026-03-24,35-44,India,Female,Social Media
3926,2026-05-29,45+,Canada,Female,Social Media
3927,2026-02-02,25-34,India,Male,Referral
3928,2025-12-12,25-34,India,Female,Organic Search
3929,2026-06-25,25-34,India,Male,Referral
3930,2026-02-01,35-44,Australia,Female,Organic Search
3931,2025-12-04,18-24,India,Female,Social Media
3932,2026-06-10,35-44,Canada,Female,Organic Search
3933,2026-01-22,18-24,Canada,Male,Organic Search
3934,2026-01-20,25-34,Canada,Female,Organic Search
3935,2026-03-06,18-24,USA,Female,Referral
3936,2026-01-27,25-34,India,Male,Organic Search
3937,2025-09-16,25-34,USA,Female,Organic Search
3938,2025-09-26,25-34,India,Male,Social Media
3939,2025-08-25,25-34,India,Female,Organic Search
3940,2026-03-20,45+,India,Male,Organic Search
3941,2025-10-13,18-24,India,Male,Social Media
3942,2025-10-04,25-34,India,Male,Social Media
3943,2025-12-07,18-24,USA,Female,Organic Search
3944,2026-04-16,18-24,India,Male,Organic Search
3945,2025-09-09,18-24,UK,Male,Referral
3946,2025-10-20,25-34,Australia,Female,Paid Ads
3947,2026-05-20,18-24,USA,Female,Organic Search
3948,2026-04-17,25-34,India,Male,Social Media
3949,2026-01-20,25-34,India,Female,Referral
3950,2026-01-19,35-44,India,Female,Organic Search
3951,2025-10-13,18-24,India,Female,Social Media
3952,2025-09-25,25-34,India,Male,Organic Search
3953,2026-05-29,25-34,Australia,Male,Organic Search
3954,2025-08-05,18-24,Canada,Female,Referral
3955,2025-08-12,25-34,Australia,Female,Referral
3956,2026-02-22,18-24,UK,Female,Referral
3957,2025-09-24,18-24,USA,Female,Organic Search
3958,2026-03-15,25-34,India,Male,Organic Search
3959,2025-08-11,45+,India,Male,Social Media
3960,2026-02-22,25-34,India,Male,Organic Search
3961,2025-08-17,35-44,India,Male,Paid Ads
3962,2025-10-30,35-44,UK,Male,Paid Ads
3963,2025-10-01,45+,India,Male,Organic Search
3964,2026-07-13,18-24,India,Male,Social Media
3965,2026-03-04,18-24,UK,Non-binary,Social Media
3966,2026-02-19,35-44,India,Male,Organic Search
3967,2025-08-03,18-24,USA,Female,Organic Search
3968,2026-04-17,18-24,Canada,Female,Social Media
3969,2026-03-27,25-34,India,Female,Organic Search
3970,2025-11-08,18-24,India,Female,Paid Ads
3971,2025-08-28,25-34,India,Female,Social Media
3972,2026-01-08,25-34,Canada,Male,Organic Search
3973,2026-07-26,25-34,USA,Prefer not to say,Organic Search
3974,2026-06-10,25-34,India,Male,Social Media
3975,2025-09-28,18-24,Canada,Male,Social Media
3976,2026-05-27,18-24,USA,Female,Referral
3977,2026-03-04,25-34,India,Male,Paid Ads
3978,2026-05-14,35-44,USA,Male,Organic Search
3979,2026-05-24,35-44,India,Male,Social Media
3980,2025-10-02,25-34,India,Female,Social Media
3981,2026-03-26,25-34,India,Male,Referral
3982,2025-11-01,45+,UK,Male,Organic Search
3983,2026-04-19,18-24,India,Male,Social Media
3984,2025-11-30,18-24,India,Male,Referral
3985,2026-01-09,25-34,India,Male,Organic Search
3986,2026-03-01,35-44,India,Female,Organic Search
3987,2025-10-20,25-34,India,Female,Social Media
3988,2025-12-16,25-34,India,Male,Organic Search
3989,2025-09-05,18-24,India,Male,Organic Search
3990,2025-10-10,25-34,Canada,Male,Social Media
3991,2026-06-07,35-44,Australia,Male,Organic Search
3992,2026-01-28,25-34,India,Female,Organic Search
3993,2025-12-28,25-34,India,Female,Social Media
3994,2025-09-20,25-34,India,Non-binary,Social Media
3995,2025-09-01,25-34,India,Male,Social Media
3996,2026-01-18,35-44,UK,Male,Social Media
3997,2026-03-09,25-34,India,Male,Organic Search
3998,2025-08-11,25-34,USA,Female,Paid Ads
3999,2026-05-10,18-24,UK,Female,Referral
4000,2026-01-28,25-34,India,Male,Organic Search
4001,2025-09-09,45+,India,Female,Organic Search
4002,2026-01-20,25-34,India,Female,Organic Search
4003,2025-09-13,35-44,Canada,Female,Organic Search
4004,2026-03-05,25-34,Australia,Female,Social Media
4005,2026-05-26,18-24,USA,Female,Referral
4006,2026-06-21,25-34,USA,Male,Social Media
4007,2026-05-07,25-34,India,Male,Organic Search
4008,2026-03-22,18-24,India,Male,Organic Search
4009,2026-02-04,18-24,India,Male,Referral
4010,2025-12-10,45+,USA,Female,Social Media
4011,2025-08-12,35-44,Australia,Male,Organic Search
4012,2026-02-06,25-34,Australia,Male,Social Media
4013,2025-10-19,45+,USA,Male,Social Media
4014,2026-05-17,25-34,Canada,Female,Organic Search
4015,2026-05-12,18-24,India,Male,Social Media
4016,2025-12-14,18-24,Canada,Female,Organic Search
4017,2026-02-28,45+,Australia,Female,Referral
4018,2026-04-25,18-24,USA,Female,Social Media
4019,2026-05-02,25-34,Canada,Female,Social Media
4020,2026-04-08,18-24,India,Non-binary,Paid Ads
4021,2025-09-01,25-34,India,Female,Paid Ads
4022,2025-09-15,35-44,India,Female,Referral
4023,2026-01-18,45+,Australia,Female,Organic Search
4024,2025-10-21,18-24,UK,Male,Referral
4025,2026-06-07,25-34,India,Female,Social Media
4026,2025-11-08,25-34,India,Male,Organic Search
4027,2026-06-13,18-24,Canada,Male,Organic Search
4028,2025-12-24,25-34,India,Male,Referral
4029,2025-10-05,35-44,India,Male,Social Media
4030,2026-04-13,18-24,USA,Male,Organic Search
4031,2026-05-12,35-44,USA,Female,Referral
4032,2026-02-24,25-34,India,Female,Organic Search
4033,2025-09-09,25-34,India,Female,Social Media
4034,2025-07-30,35-44,USA,Male,Organic Search
4035,2026-03-24,25-34,UK,Male,Referral
4036,2026-04-05,35-44,India,Male,Organic Search
4037,2025-11-20,35-44,USA,Male,Organic Search
4038,2025-12-07,35-44,USA,Female,Organic Search
4039,2025-09-22,25-34,India,Female,Social Media
4040,2026-03-23,35-44,USA,Female,Organic Search
4041,2025-10-28,25-34,Canada,Female,Referral
4042,2026-06-05,18-24,USA,Male,Organic Search
4043,2025-12-30,18-24,USA,Male,Social Media
4044,2025-12-08,18-24,India,Male,Social Media
4045,2025-11-05,18-24,India,Prefer not to say,Organic Search
4046,2026-04-03,35-44,Canada,Male,Social Media
4047,2026-04-30,18-24,India,Female,Referral
4048,2025-12-26,18-24,India,Female,Social Media
4049,2026-05-10,25-34,Canada,Male,Organic Search
4050,2026-01-20,25-34,Australia,Female,Social Media
4051,2025-12-10,25-34,India,Female,Organic Search
4052,2026-02-16,18-24,India,Female,Social Media
4053,2025-10-28,35-44,UK,Male,Referral
4054,2025-11-17,25-34,Canada,Prefer not to say,Referral
4055,2025-12-01,25-34,India,Male,Referral
4056,2026-04-12,35-44,India,Prefer not to say,Organic Search
4057,2026-04-23,18-24,USA,Male,Organic Search
4058,2026-06-05,35-44,India,Male,Paid Ads
4059,2026-03-26,18-24,India,Male,Organic Search
4060,2026-04-27,18-24,India,Male,Organic Search
4061,2026-01-07,18-24,India,Female,Social Media
4062,2026-04-09,18-24,UK,Female,Paid Ads
4063,2025-09-25,25-34,UK,Male,Organic Search
4064,2025-10-14,25-34,UK,Female,Social Media
4065,2025-12-21,45+,UK,Female,Social Media
4066,2025-11-28,25-34,India,Male,Organic Search
4067,2026-02-14,25-34,Australia,Female,Referral
4068,2026-04-09,25-34,Australia,Female,Paid Ads
4069,2026-04-12,25-34,USA,Female,Referral
4070,2025-09-24,18-24,Australia,Male,Social Media
4071,2026-07-16,25-34,Australia,Male,Organic Search
4072,2025-07-29,35-44,India,Male,Organic Search
4073,2025-08-30,18-24,USA,Male,Social Media
4074,2025-09-19,25-34,USA,Male,Social Media
4075,2026-07-01,25-34,India,Female,Organic Search
4076,2026-01-03,25-34,India,Male,Organic Search
4077,2025-08-20,25-34,India,Female,Social Media
4078,2025-10-17,35-44,Canada,Male,Organic Search
4079,2025-08-26,25-34,UK,Male,Social Media
4080,2025-08-10,18-24,India,Male,Social Media
4081,2025-12-15,18-24,USA,Female,Organic Search
4082,2026-07-23,18-24,India,Female,Organic Search
4083,2026-03-09,18-24,India,Male,Referral
4084,2026-02-03,35-44,UK,Female,Social Media
4085,2026-04-14,25-34,India,Female,Organic Search
4086,2026-03-03,18-24,UK,Male,Social Media
4087,2026-07-09,25-34,UK,Male,Referral
4088,2026-05-24,25-34,UK,Male,Organic Search
4089,2026-03-19,18-24,UK,Female,Organic Search
4090,2026-01-04,18-24,Canada,Male,Referral
4091,2025-10-09,35-44,UK,Female,Organic Search
4092,2026-03-25,25-34,UK,Male,Organic Search
4093,2026-05-18,18-24,USA,Male,Organic Search
4094,2025-11-09,25-34,USA,Male,Organic Search
4095,2025-08-09,18-24,India,Non-binary,Referral
4096,2026-03-04,25-34,Canada,Female,Social Media
4097,2026-02-01,25-34,UK,Female,Organic Search
4098,2025-10-20,18-24,India,Female,Organic Search
4099,2025-09-28,25-34,Australia,Female,Paid Ads
4100,2025-08-10,25-34,India,Male,Organic Search
4101,2025-10-23,35-44,Australia,Male,Social Media
4102,2025-07-28,25-34,India,Female,Paid Ads
4103,2025-09-23,18-24,Canada,Male,Social Media
4104,2026-07-27,45+,India,Female,Organic Search
4105,2026-05-09,35-44,India,Prefer not to say,Social Media
4106,2025-12-04,18-24,India,Female,Organic Search
4107,2025-12-19,25-34,Australia,Male,Social Media
4108,2026-02-27,18-24,UK,Male,Organic Search
4109,2026-02-02,18-24,USA,Male,Referral
4110,2026-04-23,18-24,USA,Non-binary,Social Media
4111,2025-08-22,25-34,India,Female,Organic Search
4112,2025-08-30,18-24,USA,Female,Social Media
4113,2025-11-09,35-44,India,Female,Paid Ads
4114,2026-05-27,18-24,USA,Male,Organic Search
4115,2026-06-27,25-34,USA,Male,Organic Search
4116,2025-12-02,18-24,Canada,Male,Paid Ads
4117,2026-07-15,18-24,UK,Male,Referral
4118,2025-11-06,25-34,UK,Non-binary,Social Media
4119,2026-03-06,25-34,Canada,Male,Social Media
4120,2025-10-07,35-44,UK,Male,Organic Search
4121,2026-07-03,25-34,UK,Female,Organic Search
4122,2026-02-23,35-44,USA,Male,Organic Search
4123,2025-10-31,18-24,India,Female,Social Media
4124,2025-12-24,18-24,Canada,Female,Organic Search
4125,2025-09-04,18-24,India,Male,Social Media
4126,2025-08-23,18-24,USA,Female,Organic Search
4127,2025-11-12,25-34,India,Male,Social Media
4128,2026-07-09,18-24,Canada,Female,Organic Search
4129,2026-05-17,35-44,Canada,Female,Referral
4130,2026-07-13,25-34,UK,Male,Social Media
4131,2026-06-13,18-24,Australia,Female,Organic Search
4132,2026-05-21,18-24,India,Female,Paid Ads
4133,2026-02-23,18-24,India,Female,Organic Search
4134,2026-04-08,25-34,India,Male,Social Media
4135,2026-07-16,18-24,UK,Female,Organic Search
4136,2026-02-19,25-34,UK,Female,Social Media
4137,2026-05-05,18-24,USA,Male,Social Media
4138,2026-05-01,25-34,USA,Female,Referral
4139,2026-07-14,35-44,USA,Male,Social Media
4140,2026-01-11,25-34,India,Female,Social Media
4141,2026-01-12,18-24,Australia,Male,Social Media
4142,2026-02-27,18-24,India,Male,Social Media
4143,2025-08-07,18-24,India,Male,Organic Search
4144,2025-09-08,25-34,USA,Female,Organic Search
4145,2025-08-21,18-24,India,Female,Referral
4146,2026-03-16,25-34,USA,Male,Organic Search
4147,2026-07-26,25-34,India,Non-binary,Paid Ads
4148,2026-04-01,25-34,India,Male,Referral
4149,2025-10-20,45+,USA,Prefer not to say,Social Media
4150,2025-11-20,25-34,India,Female,Paid Ads
4151,2026-07-12,18-24,India,Female,Organic Search
4152,2026-02-02,18-24,Canada,Male,Social Media
4153,2025-07-31,25-34,India,Male,Paid Ads
4154,2026-05-28,25-34,USA,Female,Social Media
4155,2025-10-26,35-44,India,Male,Organic Search
4156,2025-08-31,18-24,India,Male,Referral
4157,2026-03-31,18-24,Australia,Male,Social Media
4158,2026-05-24,35-44,USA,Female,Organic Search
4159,2025-08-24,25-34,India,Female,Social Media
4160,2026-07-03,35-44,Canada,Female,Organic Search
4161,2026-01-18,18-24,Canada,Female,Referral
4162,2025-12-04,35-44,India,Male,Referral
4163,2026-06-20,18-24,Canada,Male,Organic Search
4164,2025-11-03,25-34,Canada,Female,Paid Ads
4165,2026-07-09,25-34,India,Male,Organic Search
4166,2026-04-04,25-34,India,Non-binary,Social Media
4167,2026-06-26,25-34,India,Male,Social Media
4168,2026-01-26,35-44,India,Male,Organic Search
4169,2025-10-09,35-44,Australia,Male,Organic Search
4170,2026-04-23,35-44,India,Male,Social Media
4171,2026-06-12,35-44,USA,Female,Social Media
4172,2025-10-11,25-34,India,Female,Referral
4173,2025-10-10,25-34,India,Male,Organic Search
4174,2025-10-27,25-34,USA,Female,Organic Search
4175,2026-03-11,25-34,UK,Female,Social Media
4176,2025-09-23,25-34,India,Female,Organic Search
4177,2025-09-05,25-34,USA,Female,Referral
4178,2026-06-29,18-24,India,Female,Social Media
4179,2026-04-01,25-34,Canada,Female,Referral
4180,2026-03-27,18-24,USA,Male,Paid Ads
4181,2026-03-09,18-24,Canada,Female,Organic Search
4182,2026-05-03,35-44,USA,Female,Referral
4183,2026-02-11,18-24,India,Non-binary,Social Media
4184,2025-08-12,18-24,Australia,Female,Organic Search
4185,2026-01-20,18-24,India,Male,Organic Search
4186,2026-03-12,18-24,Australia,Male,Social Media
4187,2026-01-24,25-34,USA,Male,Organic Search
4188,2026-07-23,25-34,UK,Male,Social Media
4189,2026-06-21,35-44,USA,Male,Social Media
4190,2026-06-10,25-34,Australia,Male,Organic Search
4191,2026-01-23,18-24,Australia,Male,Social Media
4192,2026-07-23,25-34,Canada,Female,Paid Ads
4193,2026-06-28,18-24,UK,Male,Organic Search
4194,2025-11-07,35-44,India,Male,Social Media
4195,2025-10-17,35-44,India,Female,Organic Search
4196,2026-02-24,35-44,India,Female,Organic Search
4197,2025-08-16,35-44,UK,Male,Referral
4198,2026-05-16,18-24,India,Female,Referral
4199,2026-01-19,25-34,Australia,Male,Organic Search
4200,2026-02-10,18-24,Canada,Male,Organic Search
4201,2026-01-27,18-24,USA,Male,Referral
4202,2025-12-19,35-44,India,Male,Social Media
4203,2026-04-05,45+,Canada,Male,Social Media
4204,2025-09-29,25-34,India,Male,Social Media
4205,2026-07-20,25-34,Australia,Female,Referral
4206,2026-04-09,25-34,India,Male,Organic Search
4207,2026-01-12,25-34,USA,Female,Organic Search
4208,2026-04-06,25-34,Australia,Female,Referral
4209,2025-08-01,35-44,India,Female,Organic Search
4210,2025-10-13,18-24,India,Female,Referral
4211,2026-02-25,18-24,Canada,Female,Organic Search
4212,2025-11-24,25-34,India,Male,Organic Search
4213,2026-03-09,25-34,India,Male,Paid Ads
4214,2025-10-31,18-24,UK,Prefer not to say,Organic Search
4215,2026-02-13,25-34,UK,Female,Organic Search
4216,2025-10-22,18-24,Canada,Male,Social Media
4217,2026-01-16,25-34,USA,Female,Referral
4218,2026-03-09,25-34,India,Male,Paid Ads
4219,2025-12-08,35-44,India,Female,Paid Ads
4220,2026-01-26,35-44,India,Male,Social Media
4221,2025-10-13,35-44,Canada,Male,Paid Ads
4222,2026-04-10,25-34,India,Male,Organic Search
4223,2025-12-11,25-34,USA,Female,Organic Search
4224,2026-06-05,18-24,India,Male,Paid Ads
4225,2025-11-07,35-44,UK,Male,Social Media
4226,2025-10-01,35-44,India,Female,Organic Search
4227,2025-09-13,25-34,India,Male,Social Media
4228,2026-02-23,18-24,India,Male,Social Media
4229,2025-10-19,45+,Australia,Female,Paid Ads
4230,2025-09-02,25-34,India,Non-binary,Organic Search
4231,2025-11-03,18-24,Australia,Female,Social Media
4232,2025-10-22,35-44,India,Male,Organic Search
4233,2026-01-02,18-24,India,Male,Organic Search
4234,2025-12-14,18-24,India,Female,Organic Search
4235,2025-09-19,25-34,India,Male,Organic Search
4236,2026-07-14,35-44,USA,Female,Organic Search
4237,2025-09-20,35-44,India,Female,Social Media
4238,2026-05-18,25-34,USA,Female,Referral
4239,2025-09-30,18-24,India,Male,Referral
4240,2026-01-26,45+,India,Prefer not to say,Organic Search
4241,2026-07-27,18-24,India,Female,Social Media
4242,2026-06-03,18-24,UK,Male,Organic Search
4243,2026-02-02,25-34,India,Male,Referral
4244,2026-04-17,45+,USA,Male,Organic Search
4245,2026-05-11,18-24,India,Male,Social Media
4246,2025-11-14,18-24,UK,Female,Referral
4247,2026-02-18,18-24,India,Male,Referral
4248,2026-02-20,35-44,India,Male,Organic Search
4249,2025-12-20,25-34,India,Female,Paid Ads
4250,2026-04-06,25-34,USA,Male,Social Media
4251,2025-08-18,25-34,India,Male,Paid Ads
4252,2026-05-21,25-34,UK,Female,Referral
4253,2026-01-18,25-34,USA,Female,Referral
4254,2026-03-15,25-34,India,Male,Organic Search
4255,2026-01-08,35-44,India,Male,Organic Search
4256,2025-11-27,45+,USA,Non-binary,Referral
4257,2025-12-07,18-24,USA,Female,Organic Search
4258,2026-02-18,18-24,Australia,Female,Social Media
4259,2026-07-04,25-34,USA,Female,Organic Search
4260,2025-10-30,25-34,USA,Female,Paid Ads
4261,2025-08-04,45+,India,Female,Referral
4262,2025-09-10,45+,India,Female,Organic Search
4263,2026-06-10,25-34,USA,Male,Organic Search
4264,2026-07-15,18-24,India,Non-binary,Social Media
4265,2025-10-08,25-34,USA,Male,Social Media
4266,2026-02-23,35-44,Canada,Male,Social Media
4267,2026-03-22,25-34,India,Male,Social Media
4268,2025-09-29,18-24,India,Male,Social Media
4269,2026-05-09,25-34,Australia,Female,Social Media
4270,2025-12-04,18-24,USA,Non-binary,Organic Search
4271,2026-03-31,18-24,India,Female,Organic Search
4272,2026-01-22,35-44,India,Male,Organic Search
4273,2026-04-23,25-34,Canada,Male,Organic Search
4274,2026-06-18,25-34,India,Female,Organic Search
4275,2025-12-14,18-24,India,Male,Organic Search
4276,2025-11-09,18-24,Australia,Female,Organic Search
4277,2026-03-16,35-44,India,Female,Organic Search
4278,2025-09-19,25-34,India,Male,Referral
4279,2025-09-27,25-34,USA,Male,Organic Search
4280,2026-05-19,35-44,India,Female,Social Media
4281,2025-11-28,18-24,India,Female,Organic Search
4282,2026-03-16,25-34,India,Male,Paid Ads
4283,2026-02-22,18-24,USA,Female,Paid Ads
4284,2026-06-03,25-34,UK,Prefer not to say,Social Media
4285,2025-08-23,45+,India,Female,Referral
4286,2025-09-25,18-24,USA,Female,Social Media
4287,2025-10-19,18-24,India,Female,Organic Search
4288,2025-11-20,25-34,Canada,Female,Referral
4289,2025-11-11,18-24,India,Female,Organic Search
4290,2025-11-02,25-34,India,Male,Social Media
4291,2026-03-20,18-24,India,Male,Organic Search
4292,2025-11-04,18-24,UK,Female,Organic Search
4293,2026-01-06,25-34,Australia,Male,Referral
4294,2026-06-08,25-34,India,Male,Paid Ads
4295,2025-12-07,35-44,India,Female,Referral
4296,2026-02-27,25-34,USA,Male,Referral
4297,2026-07-16,25-34,India,Male,Social Media
4298,2025-12-26,18-24,USA,Male,Referral
4299,2025-10-03,25-34,India,Female,Organic Search
4300,2025-08-05,25-34,India,Male,Paid Ads
4301,2026-04-20,18-24,India,Female,Referral
4302,2026-03-27,25-34,India,Female,Organic Search
4303,2026-07-07,45+,India,Female,Referral
4304,2026-04-10,35-44,India,Non-binary,Organic Search
4305,2025-08-26,18-24,India,Female,Organic Search
4306,2025-09-27,35-44,India,Male,Social Media
4307,2025-09-03,25-34,India,Female,Referral
4308,2025-08-20,18-24,USA,Male,Organic Search
4309,2026-06-14,18-24,India,Male,Organic Search
4310,2026-02-13,18-24,UK,Female,Organic Search
4311,2025-08-06,25-34,Australia,Male,Social Media
4312,2025-12-20,18-24,India,Male,Social Media
4313,2026-05-03,18-24,India,Male,Organic Search
4314,2025-08-27,45+,USA,Male,Organic Search
4315,2025-11-01,25-34,India,Female,Organic Search
4316,2025-09-22,35-44,India,Female,Organic Search
4317,2026-03-24,35-44,India,Male,Organic Search
4318,2026-06-17,18-24,India,Male,Social Media
4319,2025-11-18,35-44,India,Female,Organic Search
4320,2025-10-26,35-44,India,Male,Paid Ads
4321,2025-11-09,18-24,India,Male,Organic Search
4322,2026-03-14,18-24,India,Female,Social Media
4323,2025-09-14,35-44,USA,Female,Social Media
4324,2026-05-30,25-34,USA,Female,Organic Search
4325,2025-08-07,25-34,India,Male,Referral
4326,2026-03-27,18-24,Canada,Female,Referral
4327,2026-06-07,18-24,India,Male,Social Media
4328,2025-11-24,35-44,India,Male,Social Media
4329,2026-01-18,25-34,India,Female,Organic Search
4330,2026-07-19,35-44,Canada,Female,Social Media
4331,2026-02-10,35-44,Canada,Male,Referral
4332,2025-11-04,35-44,India,Female,Organic Search
4333,2026-01-06,25-34,India,Male,Referral
4334,2026-07-17,18-24,USA,Male,Social Media
4335,2026-04-09,45+,USA,Female,Organic Search
4336,2025-09-30,18-24,India,Male,Social Media
4337,2026-03-03,25-34,India,Male,Organic Search
4338,2026-03-15,18-24,Canada,Male,Organic Search
4339,2026-03-17,18-24,India,Male,Organic Search
4340,2026-02-19,35-44,India,Female,Social Media
4341,2026-02-04,18-24,India,Female,Referral
4342,2026-03-19,25-34,Australia,Female,Social Media
4343,2025-11-18,45+,Australia,Female,Referral
4344,2025-12-02,45+,India,Male,Organic Search
4345,2026-02-10,35-44,India,Female,Social Media
4346,2026-05-18,18-24,India,Male,Organic Search
4347,2026-01-05,18-24,Australia,Prefer not to say,Paid Ads
4348,2025-12-08,45+,India,Male,Organic Search
4349,2025-10-31,25-34,India,Male,Organic Search
4350,2025-11-16,35-44,Canada,Male,Organic Search
4351,2025-07-28,35-44,Canada,Female,Social Media
4352,2026-05-22,25-34,UK,Male,Social Media
4353,2026-06-03,25-34,Australia,Female,Organic Search
4354,2025-11-30,18-24,India,Female,Referral
4355,2026-01-15,35-44,India,Female,Paid Ads
4356,2025-07-31,25-34,Australia,Male,Organic Search
4357,2026-06-30,25-34,India,Female,Organic Search
4358,2026-07-09,45+,USA,Female,Paid Ads
4359,2026-01-18,18-24,India,Male,Organic Search
4360,2025-07-31,18-24,India,Female,Paid Ads
4361,2026-01-01,25-34,Australia,Female,Paid Ads
4362,2025-11-12,18-24,India,Male,Referral
4363,2025-10-20,25-34,India,Female,Social Media
4364,2025-07-30,25-34,Canada,Male,Referral
4365,2025-12-11,18-24,India,Prefer not to say,Organic Search
4366,2025-12-25,25-34,UK,Prefer not to say,Organic Search
4367,2026-02-18,25-34,Australia,Male,Paid Ads
4368,2025-12-19,45+,USA,Female,Organic Search
4369,2025-09-25,35-44,Australia,Female,Organic Search
4370,2026-04-23,18-24,India,Female,Organic Search
4371,2025-12-17,25-34,India,Female,Organic Search
4372,2025-12-13,45+,USA,Male,Social Media
4373,2025-11-01,25-34,India,Female,Referral
4374,2025-12-29,35-44,India,Male,Organic Search
4375,2025-10-23,25-34,India,Female,Organic Search
4376,2026-05-03,18-24,India,Non-binary,Organic Search
4377,2026-06-26,35-44,India,Female,Referral
4378,2026-05-19,18-24,Canada,Female,Social Media
4379,2026-04-04,18-24,India,Female,Organic Search
4380,2025-11-09,25-34,Canada,Male,Social Media
4381,2026-04-25,35-44,Canada,Female,Organic Search
4382,2026-05-20,25-34,India,Female,Social Media
4383,2025-12-26,18-24,India,Male,Organic Search
4384,2026-06-05,35-44,USA,Male,Referral
4385,2025-10-02,25-34,Canada,Female,Paid Ads
4386,2025-11-10,18-24,Australia,Male,Social Media
4387,2026-03-18,25-34,India,Male,Organic Search
4388,2026-03-11,35-44,India,Male,Organic Search
4389,2025-11-04,18-24,USA,Female,Organic Search
4390,2026-03-12,18-24,India,Non-binary,Social Media
4391,2025-10-04,18-24,Australia,Female,Social Media
4392,2025-08-04,25-34,India,Prefer not to say,Paid Ads
4393,2025-08-15,18-24,India,Female,Organic Search
4394,2026-02-08,18-24,UK,Male,Referral
4395,2025-10-04,25-34,India,Female,Referral
4396,2025-09-03,35-44,India,Female,Paid Ads
4397,2025-11-03,25-34,Canada,Female,Organic Search
4398,2026-04-15,18-24,India,Female,Referral
4399,2026-04-20,25-34,USA,Male,Social Media
4400,2025-10-21,25-34,India,Male,Social Media
4401,2025-09-21,25-34,Canada,Female,Referral
4402,2026-01-24,18-24,India,Male,Social Media
4403,2025-11-30,45+,India,Male,Organic Search
4404,2025-11-19,45+,India,Male,Social Media
4405,2026-05-16,35-44,India,Female,Organic Search
4406,2026-07-28,35-44,India,Male,Social Media
4407,2026-01-13,18-24,India,Female,Paid Ads
4408,2026-05-13,45+,India,Non-binary,Social Media
4409,2025-11-25,25-34,India,Male,Referral
4410,2026-06-01,25-34,Canada,Male,Referral
4411,2026-07-11,18-24,Canada,Female,Social Media
4412,2025-08-17,18-24,UK,Male,Organic Search
4413,2026-05-07,45+,India,Female,Organic Search
4414,2025-08-23,45+,Australia,Female,Social Media
4415,2026-01-16,35-44,India,Prefer not to say,Organic Search
4416,2025-10-06,45+,Canada,Female,Referral
4417,2026-06-01,25-34,USA,Female,Organic Search
4418,2026-05-23,45+,India,Male,Referral
4419,2026-05-27,25-34,Australia,Male,Social Media
4420,2025-09-10,35-44,India,Female,Referral
4421,2026-05-05,25-34,UK,Male,Social Media
4422,2025-10-27,25-34,India,Female,Social Media
4423,2026-05-06,18-24,India,Female,Organic Search
4424,2026-01-06,35-44,Australia,Female,Social Media
4425,2026-04-23,18-24,India,Female,Organic Search
4426,2025-08-09,25-34,India,Male,Referral
4427,2026-01-12,25-34,India,Female,Social Media
4428,2026-05-06,25-34,India,Female,Referral
4429,2026-02-03,18-24,India,Female,Referral
4430,2026-07-22,45+,USA,Male,Social Media
4431,2026-01-17,25-34,India,Female,Paid Ads
4432,2026-04-03,18-24,India,Male,Paid Ads
4433,2025-11-19,18-24,UK,Female,Organic Search
4434,2025-11-23,18-24,India,Male,Organic Search
4435,2026-03-15,25-34,India,Male,Organic Search
4436,2025-08-12,25-34,India,Male,Social Media
4437,2026-07-06,25-34,India,Female,Organic Search
4438,2026-02-03,18-24,Australia,Female,Referral
4439,2025-10-28,25-34,Australia,Male,Social Media
4440,2026-03-18,25-34,India,Female,Social Media
4441,2025-10-08,18-24,India,Female,Social Media
4442,2026-06-17,18-24,USA,Female,Organic Search
4443,2026-06-09,25-34,USA,Male,Paid Ads
4444,2025-10-15,25-34,Australia,Female,Social Media
4445,2025-09-07,25-34,India,Female,Paid Ads
4446,2026-03-16,45+,USA,Female,Social Media
4447,2025-11-23,18-24,India,Male,Referral
4448,2025-09-27,18-24,India,Female,Social Media
4449,2025-11-06,35-44,USA,Male,Organic Search
4450,2025-09-09,18-24,India,Male,Referral
4451,2026-05-12,35-44,India,Male,Paid Ads
4452,2025-07-31,25-34,India,Female,Social Media
4453,2025-08-12,25-34,India,Male,Social Media
4454,2026-05-10,25-34,India,Female,Social Media
4455,2026-01-17,25-34,USA,Female,Paid Ads
4456,2026-03-03,35-44,India,Female,Organic Search
4457,2025-12-10,18-24,USA,Male,Referral
4458,2025-08-29,18-24,India,Male,Social Media
4459,2025-09-23,25-34,India,Female,Paid Ads
4460,2025-08-30,25-34,USA,Non-binary,Social Media
4461,2026-03-11,18-24,USA,Female,Organic Search
4462,2026-07-03,25-34,India,Male,Social Media
4463,2026-07-27,25-34,UK,Male,Organic Search
4464,2026-03-13,18-24,India,Male,Organic Search
4465,2025-08-18,18-24,Australia,Female,Social Media
4466,2026-03-20,35-44,USA,Female,Social Media
4467,2026-04-10,18-24,India,Female,Social Media
4468,2026-05-13,25-34,India,Male,Organic Search
4469,2025-09-12,35-44,Australia,Female,Organic Search
4470,2025-10-21,18-24,India,Female,Social Media
4471,2026-07-22,25-34,Australia,Female,Referral
4472,2026-05-12,18-24,UK,Female,Organic Search
4473,2026-04-30,25-34,India,Female,Referral
4474,2026-05-18,18-24,India,Female,Social Media
4475,2026-01-04,25-34,India,Male,Organic Search
4476,2025-10-06,25-34,USA,Male,Paid Ads
4477,2026-04-06,45+,USA,Female,Referral
4478,2025-12-06,25-34,Canada,Male,Organic Search
4479,2025-09-15,18-24,India,Female,Social Media
4480,2026-06-21,18-24,USA,Male,Social Media
4481,2026-01-21,18-24,India,Female,Social Media
4482,2026-01-04,18-24,USA,Female,Organic Search
4483,2025-11-12,25-34,USA,Female,Organic Search
4484,2026-04-09,18-24,India,Male,Social Media
4485,2025-10-05,18-24,Australia,Male,Social Media
4486,2025-10-04,25-34,Canada,Male,Referral
4487,2025-12-02,25-34,India,Male,Referral
4488,2026-04-22,25-34,Canada,Female,Social Media
4489,2025-11-05,25-34,India,Female,Social Media
4490,2026-05-28,35-44,Australia,Female,Social Media
4491,2026-06-27,35-44,Australia,Female,Paid Ads
4492,2026-02-15,18-24,India,Male,Organic Search
4493,2025-08-22,18-24,India,Male,Organic Search
4494,2025-09-22,25-34,India,Female,Organic Search
4495,2025-11-13,18-24,Canada,Male,Social Media
4496,2025-11-01,18-24,Canada,Male,Social Media
4497,2025-12-09,18-24,India,Female,Organic Search
4498,2025-07-28,18-24,India,Female,Social Media
4499,2026-03-18,25-34,Canada,Male,Referral
4500,2025-12-13,35-44,India,Female,Paid Ads
4501,2025-10-03,25-34,UK,Female,Social Media
4502,2025-08-03,18-24,UK,Female,Organic Search
4503,2026-06-06,35-44,India,Female,Social Media
4504,2026-05-08,35-44,India,Male,Paid Ads
4505,2025-10-23,18-24,Canada,Male,Organic Search
4506,2026-04-17,35-44,Canada,Female,Organic Search
4507,2026-03-25,35-44,USA,Male,Organic Search
4508,2026-02-10,18-24,UK,Female,Referral
4509,2025-12-16,35-44,India,Male,Paid Ads
4510,2026-02-04,25-34,India,Male,Organic Search
4511,2026-01-26,25-34,Australia,Male,Referral
4512,2026-02-14,18-24,India,Male,Social Media
4513,2026-03-09,18-24,USA,Female,Social Media
4514,2025-11-23,25-34,Australia,Male,Referral
4515,2026-03-19,18-24,India,Female,Referral
4516,2025-09-06,18-24,Canada,Male,Organic Search
4517,2026-02-04,25-34,India,Female,Organic Search
4518,2025-08-21,18-24,USA,Female,Referral
4519,2026-05-29,18-24,India,Male,Paid Ads
4520,2025-09-13,35-44,India,Female,Social Media
4521,2026-06-12,45+,UK,Female,Referral
4522,2025-10-09,35-44,India,Male,Organic Search
4523,2026-01-21,18-24,UK,Male,Referral
4524,2025-09-02,18-24,Canada,Female,Paid Ads
4525,2026-02-21,18-24,Canada,Male,Referral
4526,2026-05-30,18-24,Australia,Female,Social Media
4527,2026-03-25,18-24,India,Male,Referral
4528,2026-02-05,25-34,Canada,Female,Organic Search
4529,2026-04-10,25-34,India,Female,Paid Ads
4530,2025-10-29,18-24,USA,Female,Organic Search
4531,2025-12-09,35-44,India,Male,Social Media
4532,2026-03-06,35-44,USA,Female,Organic Search
4533,2025-08-22,35-44,India,Male,Social Media
4534,2026-07-03,25-34,Australia,Female,Social Media
4535,2025-10-12,25-34,UK,Male,Organic Search
4536,2026-01-23,18-24,India,Male,Social Media
4537,2026-06-18,45+,India,Female,Paid Ads
4538,2025-08-26,25-34,Canada,Female,Organic Search
4539,2026-05-17,35-44,Australia,Male,Referral
4540,2025-08-19,35-44,India,Female,Referral
4541,2026-02-17,45+,USA,Male,Social Media
4542,2026-07-06,25-34,India,Male,Social Media
4543,2025-12-27,25-34,Canada,Male,Organic Search
4544,2025-12-10,18-24,Australia,Female,Referral
4545,2026-04-13,18-24,USA,Male,Organic Search
4546,2026-05-25,35-44,India,Male,Organic Search
4547,2025-11-02,25-34,USA,Male,Referral
4548,2025-08-11,25-34,Australia,Female,Referral
4549,2025-08-22,18-24,India,Male,Paid Ads
4550,2025-11-16,18-24,India,Female,Organic Search
4551,2026-07-08,25-34,India,Female,Social Media
4552,2026-07-14,18-24,India,Male,Organic Search
4553,2025-09-01,35-44,USA,Male,Social Media
4554,2026-04-19,18-24,USA,Female,Organic Search
4555,2026-02-07,25-34,India,Female,Paid Ads
4556,2025-10-05,25-34,USA,Male,Paid Ads
4557,2026-02-05,25-34,India,Male,Organic Search
4558,2025-10-27,35-44,India,Female,Organic Search
4559,2026-03-13,25-34,India,Male,Referral
4560,2025-10-01,18-24,India,Female,Organic Search
4561,2026-04-28,25-34,USA,Female,Organic Search
4562,2025-12-26,18-24,India,Female,Paid Ads
4563,2025-09-04,35-44,India,Male,Organic Search
4564,2026-03-18,35-44,UK,Male,Social Media
4565,2025-12-06,25-34,UK,Male,Social Media
4566,2026-01-11,35-44,UK,Female,Paid Ads
4567,2026-03-28,18-24,India,Male,Organic Search
4568,2026-06-16,25-34,USA,Female,Organic Search
4569,2025-09-27,18-24,India,Female,Referral
4570,2025-10-02,18-24,India,Female,Referral
4571,2025-12-21,25-34,India,Female,Organic Search
4572,2025-11-28,35-44,India,Female,Referral
4573,2025-09-23,25-34,India,Female,Referral
4574,2026-07-28,25-34,India,Female,Social Media
4575,2026-01-06,25-34,Australia,Male,Organic Search
4576,2025-12-03,35-44,India,Male,Social Media
4577,2025-11-20,18-24,India,Male,Organic Search
4578,2026-07-25,35-44,India,Female,Organic Search
4579,2025-11-23,35-44,Australia,Female,Social Media
4580,2025-12-11,25-34,Canada,Female,Referral
4581,2026-05-03,45+,USA,Male,Referral
4582,2026-01-01,25-34,UK,Male,Social Media
4583,2026-04-19,18-24,India,Male,Social Media
4584,2026-03-07,25-34,India,Male,Organic Search
4585,2026-02-19,18-24,India,Male,Organic Search
4586,2025-10-14,25-34,India,Female,Organic Search
4587,2026-05-04,25-34,Australia,Female,Social Media
4588,2026-07-01,35-44,Canada,Male,Referral
4589,2025-10-28,25-34,Canada,Male,Social Media
4590,2026-07-14,45+,India,Female,Organic Search
4591,2026-01-07,18-24,USA,Male,Social Media
4592,2025-12-20,18-24,Canada,Male,Organic Search
4593,2026-04-19,25-34,India,Male,Organic Search
4594,2026-07-22,45+,UK,Female,Organic Search
4595,2026-03-03,25-34,Canada,Male,Social Media
4596,2026-02-02,18-24,India,Male,Social Media
4597,2026-07-26,18-24,UK,Female,Social Media
4598,2025-11-15,18-24,India,Female,Organic Search
4599,2025-11-14,35-44,UK,Male,Social Media
4600,2025-10-17,25-34,India,Female,Referral
4601,2026-06-06,45+,Canada,Male,Social Media
4602,2025-08-04,35-44,Canada,Female,Referral
4603,2026-05-24,25-34,Canada,Male,Referral
4604,2026-04-06,25-34,UK,Female,Social Media
4605,2025-11-06,35-44,Australia,Female,Referral
4606,2026-02-15,35-44,India,Male,Organic Search
4607,2026-02-16,25-34,Australia,Male,Paid Ads
4608,2026-07-01,18-24,USA,Female,Organic Search
4609,2025-09-22,18-24,USA,Male,Social Media
4610,2025-08-10,25-34,Australia,Male,Organic Search
4611,2025-12-05,25-34,UK,Male,Social Media
4612,2025-09-16,25-34,UK,Female,Organic Search
4613,2025-12-09,45+,India,Male,Social Media
4614,2026-02-26,25-34,USA,Male,Social Media
4615,2025-10-21,18-24,Canada,Female,Organic Search
4616,2026-05-20,25-34,India,Female,Social Media
4617,2025-08-30,25-34,India,Male,Social Media
4618,2025-12-21,25-34,India,Non-binary,Social Media
4619,2026-06-28,35-44,USA,Female,Organic Search
4620,2026-04-22,25-34,India,Female,Paid Ads
4621,2026-04-18,35-44,India,Male,Organic Search
4622,2026-05-14,45+,India,Male,Organic Search
4623,2025-09-29,35-44,USA,Male,Organic Search
4624,2026-05-26,18-24,USA,Female,Referral
4625,2026-04-06,18-24,India,Female,Social Media
4626,2026-02-23,25-34,India,Male,Organic Search
4627,2026-06-25,18-24,Canada,Male,Organic Search
4628,2026-03-02,25-34,UK,Male,Social Media
4629,2025-11-14,45+,India,Male,Social Media
4630,2026-04-21,25-34,USA,Female,Social Media
4631,2026-02-23,18-24,USA,Male,Organic Search
4632,2025-08-25,25-34,USA,Male,Organic Search
4633,2025-08-17,25-34,Canada,Female,Referral
4634,2026-05-06,18-24,India,Male,Social Media
4635,2025-12-02,45+,India,Male,Social Media
4636,2026-05-23,35-44,India,Male,Referral
4637,2025-12-27,25-34,India,Male,Referral
4638,2026-06-10,18-24,USA,Female,Referral
4639,2026-06-11,18-24,India,Female,Paid Ads
4640,2025-10-18,18-24,India,Male,Organic Search
4641,2026-03-23,18-24,USA,Male,Referral
4642,2026-03-05,18-24,India,Male,Social Media
4643,2025-08-01,35-44,India,Female,Social Media
4644,2026-05-08,18-24,USA,Male,Social Media
4645,2025-12-14,25-34,India,Male,Social Media
4646,2025-11-16,25-34,Canada,Female,Organic Search
4647,2025-08-12,18-24,Australia,Male,Organic Search
4648,2026-02-10,45+,UK,Female,Organic Search
4649,2025-09-20,18-24,USA,Female,Referral
4650,2026-01-27,25-34,USA,Female,Social Media
4651,2025-10-16,25-34,India,Non-binary,Organic Search
4652,2025-08-15,18-24,USA,Female,Organic Search
4653,2026-04-21,25-34,India,Female,Paid Ads
4654,2025-12-18,25-34,USA,Female,Social Media
4655,2026-01-07,25-34,India,Male,Social Media
4656,2026-03-02,25-34,USA,Male,Organic Search
4657,2026-01-28,35-44,India,Female,Organic Search
4658,2025-10-17,18-24,Australia,Male,Paid Ads
4659,2025-11-11,18-24,USA,Male,Social Media
4660,2025-12-19,25-34,Australia,Female,Paid Ads
4661,2025-09-14,35-44,India,Male,Organic Search
4662,2025-08-27,18-24,UK,Male,Paid Ads
4663,2026-02-22,25-34,India,Male,Organic Search
4664,2025-08-15,25-34,India,Female,Organic Search
4665,2025-12-21,25-34,India,Male,Social Media
4666,2025-08-28,25-34,India,Male,Social Media
4667,2026-01-27,25-34,India,Female,Social Media
4668,2026-05-07,18-24,USA,Female,Organic Search
4669,2025-09-13,18-24,Canada,Male,Organic Search
4670,2025-09-15,18-24,Canada,Non-binary,Organic Search
4671,2026-02-17,25-34,India,Male,Referral
4672,2026-01-22,35-44,India,Female,Organic Search
4673,2026-03-23,25-34,Australia,Female,Organic Search
4674,2025-10-07,25-34,India,Female,Social Media
4675,2026-03-10,25-34,India,Male,Referral
4676,2026-04-23,25-34,India,Male,Organic Search
4677,2025-10-26,18-24,USA,Female,Organic Search
4678,2025-08-23,25-34,India,Female,Organic Search
4679,2026-05-08,25-34,India,Male,Paid Ads
4680,2025-11-23,18-24,India,Male,Organic Search
4681,2026-07-01,18-24,India,Female,Organic Search
4682,2025-08-29,18-24,India,Male,Organic Search
4683,2026-03-30,25-34,UK,Female,Organic Search
4684,2025-12-30,18-24,India,Female,Referral
4685,2025-12-02,25-34,India,Female,Social Media
4686,2025-11-22,25-34,India,Female,Social Media
4687,2026-03-02,18-24,India,Female,Organic Search
4688,2025-08-05,18-24,India,Female,Organic Search
4689,2025-11-16,18-24,India,Male,Referral
4690,2026-07-24,25-34,India,Female,Paid Ads
4691,2026-03-10,45+,India,Male,Social Media
4692,2026-07-25,25-34,India,Female,Organic Search
4693,2026-01-05,35-44,India,Male,Organic Search
4694,2025-09-19,35-44,India,Male,Organic Search
4695,2025-08-13,18-24,India,Male,Organic Search
4696,2026-05-23,25-34,Australia,Female,Social Media
4697,2025-10-09,35-44,India,Male,Social Media
4698,2025-12-11,18-24,India,Male,Organic Search
4699,2026-05-01,35-44,India,Female,Social Media
4700,2026-06-05,25-34,India,Female,Social Media
4701,2025-09-07,18-24,India,Male,Organic Search
4702,2025-08-16,25-34,USA,Female,Social Media
4703,2026-07-10,25-34,Australia,Male,Social Media
4704,2026-07-02,25-34,UK,Female,Organic Search
4705,2026-06-10,25-34,USA,Male,Social Media
4706,2026-05-24,25-34,India,Female,Referral
4707,2025-08-02,18-24,UK,Female,Social Media
4708,2026-04-07,25-34,Australia,Male,Organic Search
4709,2025-09-06,18-24,Australia,Female,Organic Search
4710,2026-01-08,35-44,Australia,Female,Referral
4711,2025-08-05,25-34,India,Female,Referral
4712,2025-10-12,35-44,Canada,Male,Referral
4713,2026-02-09,18-24,India,Female,Referral
4714,2025-10-10,35-44,India,Male,Social Media
4715,2026-02-04,25-34,UK,Female,Referral
4716,2025-10-30,35-44,Canada,Female,Organic Search
4717,2026-01-20,25-34,USA,Female,Social Media
4718,2026-04-21,18-24,India,Male,Social Media
4719,2025-09-17,18-24,Australia,Female,Referral
4720,2026-04-09,35-44,UK,Male,Social Media
4721,2025-08-03,35-44,India,Male,Social Media
4722,2026-02-26,18-24,UK,Female,Organic Search
4723,2026-03-27,25-34,UK,Female,Organic Search
4724,2025-08-12,18-24,India,Prefer not to say,Social Media
4725,2025-09-28,25-34,India,Female,Social Media
4726,2025-11-08,35-44,India,Female,Social Media
4727,2026-05-12,35-44,Canada,Female,Referral
4728,2026-03-11,35-44,India,Female,Organic Search
4729,2025-08-16,18-24,Canada,Female,Social Media
4730,2026-03-24,18-24,UK,Male,Referral
4731,2025-07-31,18-24,India,Female,Referral
4732,2025-12-17,25-34,UK,Female,Social Media
4733,2025-11-04,18-24,USA,Male,Referral
4734,2026-06-04,18-24,India,Female,Organic Search
4735,2026-03-26,45+,India,Female,Paid Ads
4736,2026-06-09,18-24,USA,Male,Organic Search
4737,2025-08-03,25-34,India,Male,Social Media
4738,2026-06-10,35-44,UK,Female,Referral
4739,2026-03-22,18-24,India,Female,Organic Search
4740,2025-10-20,25-34,India,Male,Organic Search
4741,2025-12-14,25-34,UK,Female,Organic Search
4742,2026-07-20,25-34,Australia,Male,Social Media
4743,2025-09-02,25-34,USA,Female,Organic Search
4744,2025-11-20,18-24,USA,Female,Social Media
4745,2026-06-10,25-34,Australia,Non-binary,Referral
4746,2026-02-07,25-34,India,Female,Social Media
4747,2025-10-04,18-24,USA,Female,Referral
4748,2026-01-27,18-24,India,Male,Organic Search
4749,2026-01-11,35-44,India,Male,Organic Search
4750,2026-07-02,25-34,India,Male,Social Media
4751,2025-08-04,18-24,India,Male,Referral
4752,2025-10-26,25-34,India,Female,Organic Search
4753,2026-02-06,18-24,Australia,Male,Social Media
4754,2025-11-27,25-34,India,Male,Referral
4755,2025-12-18,25-34,India,Male,Paid Ads
4756,2025-09-23,25-34,Australia,Female,Organic Search
4757,2025-12-01,25-34,Canada,Female,Social Media
4758,2025-12-03,18-24,Australia,Non-binary,Organic Search
4759,2026-03-13,25-34,India,Male,Paid Ads
4760,2025-10-22,18-24,India,Male,Social Media
4761,2026-07-21,45+,India,Male,Social Media
4762,2026-01-27,25-34,India,Female,Social Media
4763,2026-05-21,25-34,UK,Female,Social Media
4764,2026-03-14,25-34,India,Female,Organic Search
4765,2026-06-14,35-44,Australia,Female,Social Media
4766,2026-06-18,25-34,India,Male,Social Media
4767,2026-05-22,35-44,India,Female,Social Media
4768,2025-08-07,18-24,India,Non-binary,Organic Search
4769,2026-02-16,25-34,Canada,Female,Social Media
4770,2025-11-07,35-44,India,Female,Social Media
4771,2025-09-21,35-44,India,Non-binary,Referral
4772,2026-06-21,45+,Australia,Female,Referral
4773,2026-03-25,35-44,Canada,Female,Referral
4774,2025-08-29,18-24,India,Male,Social Media
4775,2025-12-14,25-34,India,Female,Social Media
4776,2026-07-14,25-34,UK,Non-binary,Organic Search
4777,2026-03-09,18-24,India,Female,Social Media
4778,2026-03-13,35-44,India,Female,Social Media
4779,2025-10-19,25-34,India,Female,Organic Search
4780,2025-10-23,35-44,Canada,Non-binary,Organic Search
4781,2025-09-21,18-24,India,Male,Organic Search
4782,2026-07-18,18-24,India,Female,Organic Search
4783,2026-06-25,35-44,Canada,Female,Referral
4784,2025-11-25,25-34,India,Male,Referral
4785,2026-02-11,18-24,India,Female,Social Media
4786,2025-10-11,35-44,India,Female,Organic Search
4787,2025-09-16,25-34,UK,Female,Social Media
4788,2026-02-11,18-24,India,Female,Organic Search
4789,2026-05-16,25-34,India,Female,Social Media
4790,2026-06-08,25-34,USA,Female,Social Media
4791,2025-11-18,25-34,Australia,Female,Social Media
4792,2026-04-12,18-24,India,Male,Social Media
4793,2026-02-04,18-24,India,Male,Organic Search
4794,2025-09-15,35-44,USA,Male,Social Media
4795,2026-07-27,18-24,Canada,Male,Organic Search
4796,2026-07-20,25-34,India,Female,Organic Search
4797,2025-09-19,25-34,India,Male,Social Media
4798,2026-07-04,18-24,Australia,Male,Organic Search
4799,2026-06-28,25-34,UK,Male,Referral
4800,2025-11-21,25-34,India,Female,Organic Search
4801,2026-02-16,45+,USA,Male,Social Media
4802,2026-07-10,25-34,India,Male,Organic Search
4803,2025-09-09,18-24,UK,Non-binary,Organic Search
4804,2025-11-21,25-34,USA,Male,Referral
4805,2026-06-14,18-24,India,Male,Organic Search
4806,2026-04-20,25-34,India,Male,Social Media
4807,2026-05-04,35-44,USA,Female,Organic Search
4808,2026-06-15,18-24,Canada,Male,Paid Ads
4809,2025-12-26,35-44,UK,Female,Paid Ads
4810,2025-12-25,18-24,India,Female,Paid Ads
4811,2026-01-06,25-34,India,Male,Organic Search
4812,2026-07-04,18-24,Australia,Female,Referral
4813,2026-06-20,18-24,UK,Female,Organic Search
4814,2026-07-04,18-24,USA,Male,Organic Search
4815,2025-11-05,18-24,USA,Female,Organic Search
4816,2026-05-09,25-34,Australia,Female,Social Media
4817,2025-09-05,18-24,Canada,Female,Social Media
4818,2025-10-03,18-24,USA,Male,Organic Search
4819,2026-05-03,25-34,India,Male,Paid Ads
4820,2026-03-08,25-34,India,Male,Referral
4821,2025-11-02,25-34,India,Non-binary,Organic Search
4822,2026-02-20,45+,Canada,Male,Social Media
4823,2025-10-20,18-24,India,Male,Social Media
4824,2025-10-20,18-24,Australia,Female,Paid Ads
4825,2026-04-05,18-24,Canada,Female,Social Media
4826,2025-12-06,35-44,India,Female,Social Media
4827,2026-04-05,25-34,India,Male,Referral
4828,2026-01-18,45+,USA,Male,Social Media
4829,2026-01-27,45+,Australia,Female,Organic Search
4830,2026-03-06,25-34,India,Female,Social Media
4831,2026-04-14,25-34,Australia,Non-binary,Organic Search
4832,2025-12-11,18-24,India,Female,Organic Search
4833,2026-06-04,25-34,India,Male,Referral
4834,2026-01-23,35-44,Australia,Female,Paid Ads
4835,2025-09-16,18-24,USA,Female,Organic Search
4836,2025-10-06,18-24,India,Male,Social Media
4837,2025-08-08,25-34,India,Female,Organic Search
4838,2026-05-03,18-24,India,Non-binary,Social Media
4839,2025-08-02,18-24,India,Female,Organic Search
4840,2025-11-03,18-24,India,Female,Social Media
4841,2025-12-26,45+,India,Male,Paid Ads
4842,2026-04-25,18-24,India,Male,Organic Search
4843,2026-07-24,18-24,India,Male,Organic Search
4844,2026-05-01,25-34,India,Male,Organic Search
4845,2025-08-21,18-24,India,Female,Referral
4846,2026-07-02,45+,India,Male,Referral
4847,2026-07-23,18-24,Australia,Female,Organic Search
4848,2026-06-10,35-44,USA,Female,Organic Search
4849,2026-01-23,25-34,Australia,Female,Social Media
4850,2025-11-23,25-34,UK,Female,Referral
4851,2026-01-11,25-34,India,Female,Referral
4852,2025-10-26,18-24,Australia,Female,Paid Ads
4853,2025-12-23,35-44,India,Female,Organic Search
4854,2025-08-12,18-24,India,Female,Referral
4855,2026-04-23,45+,India,Female,Organic Search
4856,2025-12-14,18-24,India,Female,Paid Ads
4857,2025-11-19,18-24,India,Female,Organic Search
4858,2026-03-08,25-34,USA,Male,Organic Search
4859,2026-04-25,25-34,UK,Non-binary,Organic Search
4860,2026-03-02,45+,India,Male,Referral
4861,2026-02-05,18-24,India,Male,Organic Search
4862,2026-06-13,25-34,India,Male,Paid Ads
4863,2026-05-12,25-34,India,Female,Referral
4864,2026-02-03,35-44,India,Male,Organic Search
4865,2026-01-09,18-24,India,Female,Referral
4866,2026-05-26,35-44,UK,Female,Organic Search
4867,2025-08-12,25-34,Australia,Female,Social Media
4868,2026-07-27,25-34,UK,Non-binary,Organic Search
4869,2026-02-02,35-44,India,Female,Social Media
4870,2025-12-19,18-24,India,Male,Organic Search
4871,2026-04-23,18-24,Australia,Female,Organic Search
4872,2026-02-17,18-24,Australia,Male,Paid Ads
4873,2026-02-01,18-24,India,Male,Organic Search
4874,2026-03-15,35-44,Australia,Female,Organic Search
4875,2025-08-15,25-34,USA,Female,Social Media
4876,2025-11-11,35-44,Australia,Male,Organic Search
4877,2025-12-20,25-34,Canada,Male,Organic Search
4878,2025-11-16,25-34,India,Male,Social Media
4879,2026-05-26,18-24,India,Female,Social Media
4880,2026-01-12,25-34,India,Female,Referral
4881,2025-12-29,18-24,Australia,Male,Referral
4882,2026-03-09,35-44,India,Male,Organic Search
4883,2025-08-16,25-34,India,Female,Organic Search
4884,2026-02-02,25-34,India,Female,Organic Search
4885,2025-09-18,35-44,Canada,Female,Referral
4886,2026-05-27,18-24,UK,Non-binary,Organic Search
4887,2026-01-09,18-24,India,Male,Paid Ads
4888,2026-04-18,35-44,India,Female,Organic Search
4889,2025-09-07,25-34,India,Male,Social Media
4890,2026-05-09,25-34,USA,Male,Referral
4891,2026-07-06,25-34,India,Male,Social Media
4892,2026-04-08,25-34,India,Male,Organic Search
4893,2025-09-15,45+,UK,Female,Organic Search
4894,2025-12-26,25-34,Australia,Male,Paid Ads
4895,2026-01-09,25-34,Canada,Female,Organic Search
4896,2025-10-01,25-34,USA,Male,Organic Search
4897,2026-03-01,18-24,Australia,Female,Social Media
4898,2026-04-14,25-34,Australia,Female,Social Media
4899,2025-10-09,35-44,India,Female,Social Media
4900,2026-01-10,35-44,USA,Female,Social Media
4901,2025-10-27,25-34,India,Non-binary,Organic Search
4902,2026-04-07,25-34,India,Female,Organic Search
4903,2026-06-25,18-24,India,Female,Referral
4904,2026-05-15,18-24,India,Male,Referral
4905,2026-04-16,25-34,India,Male,Organic Search
4906,2025-09-11,35-44,India,Male,Referral
4907,2025-09-07,25-34,India,Female,Organic Search
4908,2026-01-08,45+,USA,Male,Organic Search
4909,2025-12-07,35-44,UK,Male,Referral
4910,2026-02-04,25-34,India,Female,Social Media
4911,2025-12-15,25-34,India,Female,Organic Search
4912,2026-05-13,18-24,USA,Female,Social Media
4913,2026-01-31,35-44,Canada,Female,Social Media
4914,2026-07-10,18-24,Canada,Female,Paid Ads
4915,2025-12-13,25-34,Canada,Male,Referral
4916,2025-12-14,35-44,Australia,Male,Organic Search
4917,2026-05-05,35-44,India,Female,Organic Search
4918,2026-06-26,35-44,India,Female,Organic Search
4919,2026-02-19,25-34,India,Female,Social Media
4920,2026-03-26,18-24,Australia,Female,Organic Search
4921,2025-09-20,25-34,Canada,Male,Paid Ads
4922,2026-06-10,18-24,India,Female,Organic Search
4923,2025-10-01,25-34,Canada,Female,Paid Ads
4924,2026-04-14,18-24,India,Male,Paid Ads
4925,2025-12-28,18-24,Australia,Male,Organic Search
4926,2025-11-18,18-24,USA,Female,Social Media
4927,2026-05-05,25-34,USA,Male,Referral
4928,2026-01-07,18-24,USA,Male,Paid Ads
4929,2026-03-14,35-44,Australia,Female,Social Media
4930,2025-09-09,35-44,India,Female,Organic Search
4931,2025-09-14,25-34,Canada,Female,Referral
4932,2025-10-10,18-24,India,Male,Organic Search
4933,2026-03-12,18-24,India,Male,Social Media
4934,2025-10-28,25-34,India,Female,Social Media
4935,2026-01-11,25-34,Canada,Female,Organic Search
4936,2026-06-06,18-24,India,Female,Referral
4937,2026-02-11,25-34,Australia,Male,Organic Search
4938,2025-07-30,25-34,India,Female,Paid Ads
4939,2026-06-16,18-24,Canada,Female,Referral
4940,2025-10-23,25-34,Australia,Male,Social Media
4941,2026-02-28,18-24,India,Male,Organic Search
4942,2026-01-18,25-34,India,Female,Referral
4943,2025-12-25,18-24,UK,Female,Social Media
4944,2025-08-26,25-34,India,Male,Referral
4945,2026-03-04,25-34,India,Female,Social Media
4946,2025-10-25,18-24,UK,Male,Referral
4947,2026-02-13,45+,India,Female,Organic Search
4948,2026-03-11,18-24,Australia,Female,Referral
4949,2026-02-17,25-34,Canada,Male,Social Media
4950,2026-05-26,18-24,Canada,Female,Organic Search
4951,2025-08-14,25-34,USA,Male,Referral
4952,2025-09-20,35-44,India,Female,Referral
4953,2026-03-24,18-24,India,Female,Referral
4954,2025-08-10,35-44,Canada,Male,Organic Search
4955,2026-06-05,35-44,India,Male,Paid Ads
4956,2026-03-29,45+,USA,Female,Referral
4957,2026-05-30,18-24,Canada,Female,Social Media
4958,2025-11-14,25-34,Canada,Female,Organic Search
4959,2026-06-29,35-44,India,Male,Organic Search
4960,2025-08-14,35-44,UK,Female,Referral
4961,2025-12-27,35-44,India,Male,Organic Search
4962,2025-10-01,25-34,India,Male,Organic Search
4963,2026-03-30,35-44,USA,Male,Organic Search
4964,2026-03-08,25-34,India,Female,Paid Ads
4965,2026-04-07,35-44,India,Female,Organic Search
4966,2026-03-02,18-24,Canada,Female,Organic Search
4967,2026-05-12,25-34,India,Prefer not to say,Social Media
4968,2025-09-30,35-44,USA,Male,Paid Ads
4969,2026-01-10,18-24,India,Male,Referral
4970,2026-02-24,35-44,India,Female,Organic Search
4971,2026-07-03,25-34,India,Female,Organic Search
4972,2025-08-31,25-34,UK,Female,Organic Search
4973,2025-11-14,25-34,India,Female,Social Media
4974,2025-12-09,35-44,Canada,Male,Organic Search
4975,2025-12-13,25-34,India,Female,Social Media
4976,2025-08-21,25-34,Australia,Female,Social Media
4977,2025-12-31,25-34,India,Male,Social Media
4978,2026-02-14,18-24,India,Female,Social Media
4979,2025-11-12,25-34,Canada,Female,Social Media
4980,2025-09-15,45+,UK,Female,Referral
4981,2026-04-08,18-24,India,Male,Organic Search
4982,2025-11-05,18-24,India,Male,Referral
4983,2026-02-05,35-44,India,Male,Social Media
4984,2026-02-05,18-24,India,Female,Organic Search
4985,2026-04-08,35-44,India,Female,Paid Ads
4986,2026-03-09,35-44,India,Female,Organic Search
4987,2025-09-06,18-24,India,Male,Organic Search
4988,2026-04-21,25-34,India,Male,Social Media
4989,2026-03-15,18-24,Canada,Male,Organic Search
4990,2026-07-24,25-34,Australia,Male,Social Media
4991,2026-01-21,18-24,USA,Male,Social Media
4992,2026-04-06,25-34,Canada,Female,Social Media
4993,2026-07-04,25-34,India,Male,Paid Ads
4994,2026-07-23,25-34,India,Female,Organic Search
4995,2025-11-10,25-34,UK,Female,Organic Search
4996,2026-03-07,18-24,India,Female,Referral
4997,2025-11-20,35-44,India,Female,Referral
4998,2026-02-05,45+,India,Female,Social Media
4999,2026-07-27,18-24,India,Male,Social Media
5000,2025-12-04,18-24,India,Female,Social Media
